TxID,Zone,CID,"r_{i,t}","phi_{i,t}","p_{i,t,j,1}",Aadhaar,Device Drain,Temp (Â°C),Elevation (m),Proxy Access,Scan Result
T000000,Z1,e4824c,1,0.281,0.759,Linked,27%,38.0,278,Enabled,Valid
T000001,Z1,f271e8,1,0.443,0.353,Linked,81%,30.0,959,Enabled,Failed
T000002,Z3,9fc220,1,0.335,0.617,Anonymous,45%,29.3,789,Disabled,Valid
T000003,Z1,85e697,1,0.404,0.435,Anonymous,68%,35.0,875,Enabled,Failed
T000004,Z5,bfc982,1,0.317,0.702,Linked,39%,38.6,263,Enabled,Valid
T000005,Z1,40c6b3,1,0.29,0.744,Anonymous,30%,32.6,529,Disabled,Valid
T000006,Z1,31fa01,1,0.407,0.495,Linked,69%,32.7,549,Enabled,Valid
T000007,Z1,3fde81,1,0.332,0.631,Anonymous,44%,28.0,744,Disabled,Failed
T000008,Z4,e21c5e,1,0.323,0.617,Anonymous,41%,38.2,638,Enabled,Valid
T000009,Z5,986b2b,1,0.425,0.536,Linked,75%,34.4,196,Enabled,Valid
T000010,Z2,c11967,1,0.458,0.333,Anonymous,86%,41.9,1183,Disabled,Failed
T000011,Z1,5ae891,1,0.272,0.795,Anonymous,24%,31.4,423,Disabled,Valid
T000012,Z3,7fc127,1,0.422,0.547,Linked,74%,36.1,413,Disabled,Failed
T000013,Z5,121ae5,1,0.236,0.771,Anonymous,12%,28.7,843,Disabled,Failed
T000014,Z3,7c1043,1,0.26,0.802,Linked,20%,38.0,241,Enabled,Valid
T000015,Z2,66c6b1,1,0.431,0.422,Linked,77%,40.1,966,Disabled,Failed
T000016,Z2,a74363,1,0.428,0.499,Anonymous,76%,33.8,607,Disabled,Valid
T000017,Z1,fda0d6,1,0.257,0.811,Linked,19%,37.6,220,Enabled,Valid
T000018,Z1,cbf5f5,1,0.416,0.566,Linked,72%,30.2,370,Disabled,Failed
T000019,Z5,8eab93,1,0.386,0.63,Linked,62%,29.9,298,Disabled,Valid
T000020,Z4,e6884a,1,0.251,0.706,Linked,17%,33.0,794,Enabled,Failed
T000021,Z2,136d06,1,0.392,0.421,Anonymous,64%,29.8,1047,Enabled,Failed
T000022,Z1,b2c015,1,0.263,0.728,Linked,21%,40.9,584,Enabled,Valid
T000023,Z4,80fd7d,1,0.374,0.48,Linked,58%,27.0,899,Enabled,Failed
T000024,Z4,4457ba,1,0.302,0.736,Anonymous,34%,31.5,219,Enabled,Valid
T000025,Z1,3f78d1,1,0.422,0.393,Linked,74%,40.8,1187,Disabled,Valid
T000026,Z5,91c4c9,1,0.32,0.629,Linked,40%,33.1,604,Enabled,Valid
T000027,Z5,819594,1,0.308,0.671,Anonymous,36%,37.0,743,Disabled,Valid
T000028,Z2,c14807,0.83,0.233,0.834,Anonymous,11%,33.9,304,Enabled,Valid
T000029,Z5,72e366,1,0.323,0.66,Anonymous,41%,32.5,423,Enabled,Failed
T000030,Z3,51b75e,1,0.269,0.81,Linked,23%,41.1,375,Disabled,Valid
T000031,Z1,a0773c,1,0.461,0.405,Anonymous,87%,30.2,802,Disabled,Failed
T000032,Z3,13c24f,1,0.263,0.712,Anonymous,21%,36.5,666,Enabled,Valid
T000033,Z2,a15bcc,1,0.443,0.544,Anonymous,81%,27.1,254,Disabled,Failed
T000034,Z2,31c485,1,0.395,0.479,Anonymous,65%,28.9,731,Enabled,Failed
T000035,Z1,a415b8,1,0.365,0.489,Linked,55%,38.7,932,Enabled,Failed
T000036,Z2,fc6012,1,0.296,0.634,Anonymous,32%,38.0,780,Enabled,Failed
T000037,Z2,cf8e74,1,0.242,0.819,Linked,14%,39.9,555,Disabled,Valid
T000038,Z4,7313c5,1,0.239,0.702,Linked,13%,36.9,916,Enabled,Valid
T000039,Z1,68054c,1,0.239,0.808,Anonymous,13%,28.7,634,Disabled,Valid
T000040,Z3,856ca4,1,0.35,0.521,Anonymous,50%,33.5,1147,Disabled,Valid
T000041,Z5,d97d8c,1,0.23,0.849,Linked,10%,34.8,503,Disabled,Valid
T000042,Z3,b90099,1,0.422,0.443,Linked,74%,31.6,936,Disabled,Valid
T000043,Z3,c82728,1,0.374,0.619,Linked,58%,37.2,456,Disabled,Valid
T000044,Z4,a09f9c,1,0.308,0.668,Anonymous,36%,33.4,759,Disabled,Valid
T000045,Z2,79df1f,1,0.338,0.563,Linked,46%,34.7,786,Enabled,Failed
T000046,Z2,24e739,1,0.239,0.67,Linked,13%,27.7,1073,Enabled,Failed
T000047,Z1,c3444e,1,0.419,0.555,Linked,73%,33.0,402,Disabled,Failed
T000048,Z1,5fc1f4,1,0.248,0.85,Linked,16%,35.4,348,Disabled,Valid
T000049,Z4,2fcc91,1,0.44,0.515,Anonymous,80%,33.7,425,Disabled,Failed
T000050,Z4,b4a492,1,0.47,0.35,Anonymous,90%,30.6,1000,Disabled,Failed
T000051,Z2,e8a238,1,0.281,0.638,Anonymous,27%,29.3,884,Enabled,Valid
T000052,Z2,1efb28,1,0.437,0.56,Anonymous,79%,34.0,227,Disabled,Failed
T000053,Z4,861f35,1,0.23,0.808,Anonymous,10%,41.1,711,Disabled,Valid
T000054,Z4,4985e9,1,0.314,0.591,Linked,38%,31.1,1094,Disabled,Valid
T000055,Z4,c094ec,1,0.38,0.619,Linked,60%,35.9,155,Enabled,Failed
T000056,Z2,fe7c23,1,0.374,0.504,Linked,58%,31.9,1031,Disabled,Valid
T000057,Z4,ac89d5,1,0.41,0.559,Anonymous,70%,27.3,206,Enabled,Valid
T000058,Z1,87555d,0.918,0.236,0.772,Linked,12%,36.3,588,Enabled,Valid
T000059,Z1,b3155f,1,0.371,0.648,Anonymous,57%,29.5,334,Disabled,Failed
T000060,Z3,056417,1,0.38,0.599,Anonymous,60%,41.1,506,Disabled,Valid
T000061,Z2,7df9a4,1,0.362,0.508,Linked,54%,35.0,858,Enabled,Valid
T000062,Z3,67d569,1,0.395,0.417,Anonymous,65%,41.4,1041,Enabled,Valid
T000063,Z2,19ae7d,1,0.395,0.545,Anonymous,65%,39.4,649,Disabled,Failed
T000064,Z1,77d811,1,0.446,0.415,Linked,82%,36.2,876,Disabled,Valid
T000065,Z3,338043,1,0.329,0.652,Linked,43%,32.1,665,Disabled,Valid
T000066,Z2,596744,1,0.443,0.38,Anonymous,81%,38.4,1075,Disabled,Failed
T000067,Z4,5d77a2,1,0.383,0.5,Anonymous,61%,37.4,727,Enabled,Failed
T000068,Z4,0a1048,1,0.44,0.394,Anonymous,80%,32.0,1029,Disabled,Valid
T000069,Z2,7806f5,1,0.434,0.464,Anonymous,78%,41.3,479,Enabled,Valid
T000070,Z4,94df0b,1,0.302,0.612,Anonymous,34%,31.4,839,Enabled,Valid
T000071,Z5,7e7671,1,0.44,0.478,Linked,80%,31.4,358,Enabled,Failed
T000072,Z4,cb00df,1,0.413,0.55,Anonymous,71%,33.6,477,Disabled,Valid
T000073,Z4,e3603c,1,0.257,0.863,Anonymous,19%,35.7,209,Disabled,Valid
T000074,Z5,b70e2b,1,0.443,0.433,Linked,81%,38.5,562,Enabled,Failed
T000075,Z4,03365a,1,0.446,0.529,Anonymous,82%,36.3,303,Disabled,Valid
T000076,Z2,b9b934,1,0.296,0.706,Linked,32%,35.3,420,Enabled,Valid
T000077,Z5,07fe27,1,0.338,0.514,Linked,46%,37.6,1029,Enabled,Failed
T000078,Z3,4d7ab5,1,0.437,0.474,Anonymous,79%,30.4,405,Enabled,Valid
T000079,Z2,a8f4b4,1,0.458,0.432,Linked,86%,38.2,691,Disabled,Valid
T000080,Z3,148569,1,0.26,0.703,Anonymous,20%,36.0,984,Disabled,Valid
T000081,Z3,bab7f1,1,0.332,0.638,Linked,44%,35.6,458,Enabled,Valid
T000082,Z4,e42491,1,0.263,0.708,Anonymous,21%,34.1,936,Disabled,Valid
T000083,Z1,0b9195,1,0.338,0.586,Anonymous,46%,36.9,920,Disabled,Failed
T000084,Z1,f2d6ab,1,0.353,0.56,Anonymous,51%,28.7,927,Disabled,Valid
T000085,Z1,3b4e8d,1,0.302,0.556,Anonymous,34%,34.8,1120,Enabled,Valid
T000086,Z1,002361,1,0.398,0.452,Linked,66%,40.2,1092,Disabled,Valid
T000087,Z5,da1911,1,0.44,0.438,Anonymous,80%,33.1,560,Enabled,Failed
T000088,Z4,681e29,1,0.425,0.435,Anonymous,75%,37.6,950,Disabled,Failed
T000089,Z4,d6cfa9,1,0.302,0.602,Linked,34%,40.8,1140,Disabled,Failed
T000090,Z1,b9b335,1,0.23,0.808,Anonymous,10%,31.2,711,Disabled,Valid
T000091,Z4,9801ac,1,0.356,0.566,Anonymous,52%,35.3,872,Disabled,Failed
T000092,Z2,dcdd82,1,0.245,0.711,Linked,15%,31.8,1068,Disabled,Failed
T000093,Z4,af4bd0,1,0.278,0.664,Anonymous,26%,34.5,779,Enabled,Valid
T000094,Z4,7373d6,1,0.284,0.727,Anonymous,28%,33.1,416,Enabled,Valid
T000095,Z3,e8f35d,1,0.434,0.46,Linked,78%,32.7,748,Disabled,Failed
T000096,Z4,2c46f7,1,0.47,0.362,Linked,90%,37.3,688,Enabled,Failed
T000097,Z4,72259c,1,0.344,0.671,Anonymous,48%,40.6,194,Enabled,Failed
T000098,Z3,beba16,1,0.323,0.651,Anonymous,41%,35.0,468,Enabled,Valid
T000099,Z5,055748,1,0.317,0.631,Anonymous,39%,33.9,620,Enabled,Valid
T000100,Z1,d63528,1,0.398,0.478,Linked,66%,41.2,712,Enabled,Failed
T000101,Z3,4e619a,1,0.413,0.469,Linked,71%,28.6,881,Disabled,Valid
T000102,Z3,e877f1,1,0.233,0.905,Anonymous,11%,35.5,200,Disabled,Valid
T000103,Z4,7b2b67,1,0.302,0.704,Anonymous,34%,36.3,380,Enabled,Valid
T000104,Z1,0b75ce,1,0.278,0.729,Linked,26%,28.4,704,Disabled,Failed
T000105,Z2,885c82,1,0.293,0.628,Anonymous,31%,30.9,1086,Disabled,Valid
T000106,Z3,c151eb,1,0.314,0.577,Linked,38%,39.9,913,Enabled,Failed
T000107,Z3,5d7f3d,1,0.434,0.439,Linked,78%,28.9,854,Disabled,Failed
T000108,Z3,d4f8f5,1,0.317,0.601,Anonymous,39%,34.1,771,Enabled,Failed
T000109,Z1,e3773f,1,0.281,0.78,Anonymous,27%,27.7,176,Enabled,Failed
T000110,Z1,b46538,1,0.404,0.468,Linked,68%,32.6,958,Disabled,Failed
T000111,Z2,6aabdb,1,0.335,0.603,Anonymous,45%,27.5,858,Disabled,Valid
T000112,Z2,5076ee,1,0.251,0.817,Anonymous,17%,33.0,488,Disabled,Failed
T000113,Z4,bdede8,1,0.356,0.619,Linked,52%,30.7,357,Enabled,Valid
T000114,Z1,44efce,1,0.356,0.669,Linked,52%,38.6,105,Enabled,Failed
T000115,Z2,f8d63b,1,0.272,0.8,Anonymous,24%,36.9,152,Enabled,Valid
T000116,Z2,b38b48,1,0.329,0.543,Linked,43%,27.8,962,Enabled,Valid
T000117,Z1,1c3eb8,1,0.401,0.577,Anonymous,67%,34.6,188,Enabled,Failed
T000118,Z5,9ea32c,1,0.413,0.4,Linked,71%,39.7,973,Enabled,Valid
T000119,Z4,447891,1,0.254,0.707,Anonymous,18%,28.9,765,Enabled,Failed
T000120,Z5,7b0819,1,0.272,0.722,Anonymous,24%,39.8,540,Enabled,Valid
T000121,Z2,9e1084,1,0.389,0.537,Anonymous,63%,37.9,740,Disabled,Valid
T000122,Z3,75caaf,1,0.263,0.787,Anonymous,21%,39.5,290,Enabled,Valid
T000123,Z3,070050,1,0.386,0.447,Anonymous,62%,32.3,966,Enabled,Failed
T000124,Z1,6e0483,1,0.449,0.452,Anonymous,83%,34.6,416,Enabled,Failed
T000125,Z1,d8ef0b,1,0.449,0.389,Linked,83%,30.4,978,Disabled,Failed
T000126,Z5,be1416,1,0.299,0.639,Anonymous,33%,31.1,732,Enabled,Valid
T000127,Z1,e30265,1,0.284,0.778,Anonymous,28%,38.1,162,Enabled,Valid
T000128,Z2,de2752,1,0.29,0.697,Anonymous,30%,32.6,764,Disabled,Failed
T000129,Z5,bda28c,1,0.467,0.452,Linked,89%,27.7,267,Enabled,Valid
T000130,Z4,d9b7d8,1,0.311,0.748,Anonymous,37%,38.3,333,Disabled,Valid
T000131,Z3,b4b3be,1,0.314,0.718,Anonymous,38%,32.9,212,Enabled,Valid
T000132,Z2,84ce8d,1,0.275,0.679,Anonymous,25%,27.1,981,Disabled,Valid
T000133,Z5,beab6f,1,0.38,0.613,Anonymous,60%,39.9,186,Enabled,Valid
T000134,Z1,4f1a57,1,0.341,0.737,Anonymous,47%,28.7,142,Disabled,Valid
T000135,Z5,41fe25,1,0.269,0.701,Linked,23%,30.6,920,Disabled,Valid
T000136,Z3,57f4d7,1,0.257,0.788,Anonymous,19%,34.7,333,Enabled,Valid
T000137,Z3,2121e5,1,0.284,0.719,Linked,28%,30.8,455,Enabled,Valid
T000138,Z1,191fa8,1,0.446,0.438,Anonymous,82%,36.6,761,Disabled,Failed
T000139,Z3,54a9d2,1,0.398,0.538,Linked,66%,36.5,662,Disabled,Valid
T000140,Z5,91113e,0.877,0.242,0.793,Anonymous,14%,27.9,687,Disabled,Valid
T000141,Z1,e8230d,1,0.452,0.543,Anonymous,84%,35.3,184,Disabled,Failed
T000142,Z5,c23e12,1,0.251,0.704,Anonymous,17%,33.8,803,Enabled,Valid
T000143,Z2,b301cf,1,0.431,0.53,Anonymous,77%,34.8,425,Disabled,Valid
T000144,Z3,59633b,1,0.47,0.453,Anonymous,90%,36.7,234,Enabled,Valid
T000145,Z4,3f4a65,1,0.26,0.822,Linked,20%,35.7,389,Disabled,Valid
T000146,Z4,c2b575,1,0.356,0.504,Anonymous,52%,39.2,1178,Disabled,Failed
T000147,Z4,04106d,1,0.347,0.647,Linked,49%,29.7,538,Disabled,Failed
T000148,Z4,455e63,1,0.257,0.794,Linked,19%,31.4,307,Enabled,Valid
T000149,Z5,999bce,1,0.287,0.767,Linked,29%,29.4,439,Disabled,Valid
T000150,Z4,fccff5,1,0.401,0.547,Anonymous,67%,30.5,589,Disabled,Failed
T000151,Z4,b6870d,1,0.338,0.544,Anonymous,46%,38.7,1129,Disabled,Valid
T000152,Z2,700cd8,1,0.413,0.533,Anonymous,71%,40.1,310,Enabled,Failed
T000153,Z1,f81e52,1,0.401,0.585,Linked,67%,40.6,401,Disabled,Valid
T000154,Z2,d9e3ab,1,0.248,0.747,Linked,16%,32.9,865,Disabled,Valid
T000155,Z1,74ba1c,1,0.266,0.733,Linked,22%,39.6,786,Disabled,Valid
T000156,Z1,4ea066,1,0.401,0.613,Linked,67%,36.2,262,Disabled,Valid
T000157,Z2,405968,1,0.338,0.65,Anonymous,46%,30.6,349,Enabled,Valid
T000158,Z5,ae691b,1,0.458,0.339,Linked,86%,35.0,1155,Disabled,Valid
T000159,Z2,983c2b,1,0.32,0.703,Linked,40%,35.6,483,Disabled,Valid
T000160,Z5,c0ddeb,1,0.41,0.472,Linked,70%,27.7,892,Disabled,Valid
T000161,Z1,7e85ce,1,0.47,0.344,Anonymous,90%,28.6,780,Enabled,Valid
T000162,Z5,6ab69f,1,0.47,0.475,Anonymous,90%,29.7,376,Disabled,Failed
T000163,Z4,505d79,1,0.305,0.626,Linked,35%,40.3,746,Enabled,Valid
T000164,Z5,923726,1,0.338,0.681,Linked,46%,32.4,197,Enabled,Valid
T000165,Z3,260d53,1,0.398,0.492,Anonymous,66%,40.4,891,Disabled,Failed
T000166,Z4,d1ab93,1,0.392,0.536,Anonymous,64%,28.2,469,Enabled,Valid
T000167,Z1,3f4060,1,0.401,0.471,Anonymous,67%,36.0,972,Disabled,Failed
T000168,Z3,023319,1,0.335,0.732,Anonymous,45%,36.6,217,Disabled,Valid
T000169,Z4,312ada,1,0.284,0.611,Linked,28%,39.7,997,Enabled,Valid
T000170,Z2,184ca8,1,0.461,0.311,Anonymous,87%,29.3,1021,Enabled,Failed
T000171,Z1,ae819c,1,0.35,0.628,Anonymous,50%,36.7,611,Disabled,Valid
T000172,Z2,155853,1,0.329,0.532,Anonymous,43%,38.6,1013,Enabled,Failed
T000173,Z3,1ecab7,1,0.257,0.653,Linked,19%,33.8,1011,Enabled,Failed
T000174,Z3,321158,1,0.29,0.759,Anonymous,30%,37.7,456,Disabled,Valid
T000175,Z2,01eaf1,1,0.419,0.414,Linked,73%,27.4,855,Enabled,Failed
T000176,Z5,5d3458,1,0.38,0.484,Linked,60%,42.0,1080,Disabled,Valid
T000177,Z4,40ad17,1,0.257,0.673,Linked,19%,33.7,1159,Disabled,Valid
T000178,Z5,4d1711,1,0.422,0.587,Linked,74%,40.7,213,Disabled,Valid
T000179,Z2,7d0021,1,0.314,0.578,Linked,38%,32.2,1162,Disabled,Valid
T000180,Z1,2058b6,1,0.47,0.262,Anonymous,90%,31.5,1192,Enabled,Failed
T000181,Z2,5a63b3,1,0.446,0.558,Linked,82%,27.6,158,Disabled,Valid
T000182,Z5,5367b6,1,0.419,0.446,Anonymous,73%,40.3,693,Enabled,Failed
T000183,Z4,67f0e6,1,0.257,0.82,Anonymous,19%,37.3,423,Disabled,Valid
T000184,Z4,3fed83,1,0.35,0.589,Linked,50%,38.0,807,Disabled,Valid
T000185,Z3,24b4ea,1,0.407,0.401,Anonymous,69%,28.8,1020,Enabled,Valid
T000186,Z1,1eb04a,1,0.29,0.652,Anonymous,30%,39.2,740,Enabled,Failed
T000187,Z4,23da14,1,0.419,0.454,Anonymous,73%,27.3,905,Disabled,Failed
T000188,Z2,ba751d,1,0.338,0.507,Linked,46%,34.4,1063,Enabled,Failed
T000189,Z1,2fae33,1,0.383,0.511,Anonymous,61%,32.5,920,Disabled,Failed
T000190,Z2,bd4359,1,0.422,0.496,Linked,74%,33.8,672,Disabled,Failed
T000191,Z5,b2282b,1,0.371,0.556,Linked,57%,38.9,794,Disabled,Failed
T000192,Z2,9f4ba0,1,0.245,0.719,Anonymous,15%,27.6,782,Enabled,Valid
T000193,Z4,52cada,1,0.464,0.379,Linked,88%,31.8,904,Disabled,Failed
T000194,Z3,147bfd,1,0.41,0.479,Anonymous,70%,39.2,854,Disabled,Failed
T000195,Z4,19eded,1,0.329,0.672,Linked,43%,41.5,566,Disabled,Valid
T000196,Z4,0f71eb,1,0.323,0.68,Anonymous,41%,27.5,325,Enabled,Valid
T000197,Z3,e3ac30,1,0.386,0.427,Anonymous,62%,34.5,1065,Enabled,Failed
T000198,Z1,95c629,1,0.413,0.497,Linked,71%,34.9,742,Disabled,Valid
T000199,Z5,9a47b7,1,0.464,0.439,Anonymous,88%,34.3,604,Disabled,Failed
T000200,Z2,e5a101,1,0.35,0.618,Linked,50%,34.2,660,Disabled,Valid
T000201,Z5,c24b4b,1,0.341,0.663,Anonymous,47%,27.6,261,Enabled,Failed
T000202,Z3,6b5521,1,0.443,0.519,Linked,81%,37.4,381,Disabled,Failed
T000203,Z5,584354,1,0.317,0.566,Linked,39%,27.8,946,Enabled,Failed
T000204,Z1,e058b2,1,0.41,0.548,Linked,70%,34.2,508,Disabled,Failed
T000205,Z3,354838,1,0.434,0.525,Linked,78%,38.1,176,Enabled,Failed
T000206,Z4,fbbaf2,1,0.299,0.697,Anonymous,33%,41.0,692,Disabled,Valid
T000207,Z3,2b062d,1,0.404,0.425,Anonymous,68%,41.8,1173,Disabled,Failed
T000208,Z2,075bf6,1,0.272,0.622,Anonymous,24%,32.0,1039,Enabled,Valid
T000209,Z2,cabeaa,1,0.296,0.604,Anonymous,32%,36.2,930,Enabled,Valid
T000210,Z3,878880,1,0.281,0.693,Linked,27%,34.2,608,Enabled,Valid
T000211,Z2,2da570,1,0.452,0.555,Anonymous,84%,37.8,123,Disabled,Failed
T000212,Z2,1afdbd,1,0.29,0.624,Anonymous,30%,33.1,1129,Disabled,Failed
T000213,Z3,dee171,1,0.314,0.544,Anonymous,38%,41.4,1079,Enabled,Valid
T000214,Z5,2052c3,1,0.323,0.692,Anonymous,41%,37.2,267,Enabled,Valid
T000215,Z3,70d94d,1,0.449,0.448,Linked,83%,35.0,436,Enabled,Failed
T000216,Z4,f9eb97,1,0.425,0.532,Anonymous,75%,33.7,213,Enabled,Valid
T000217,Z4,548750,1,0.236,0.919,Anonymous,12%,32.9,106,Disabled,Valid
T000218,Z1,daaf2b,1,0.437,0.507,Anonymous,79%,41.9,241,Enabled,Valid
T000219,Z4,c94c45,1,0.374,0.535,Anonymous,58%,33.7,873,Disabled,Valid
T000220,Z5,41ea4b,1,0.434,0.488,Linked,78%,32.9,360,Enabled,Failed
T000221,Z1,d022bf,1,0.434,0.496,Anonymous,78%,32.7,570,Disabled,Valid
T000222,Z2,217709,1,0.389,0.609,Linked,63%,36.2,132,Enabled,Valid
T000223,Z1,15ec7b,1,0.323,0.56,Anonymous,41%,38.1,923,Enabled,Valid
T000224,Z2,dcae19,1,0.449,0.384,Anonymous,83%,31.8,756,Enabled,Valid
T000225,Z2,9f8e2a,1,0.335,0.683,Anonymous,45%,27.9,458,Disabled,Valid
T000226,Z5,d68a61,1,0.431,0.425,Anonymous,77%,31.8,952,Disabled,Valid
T000227,Z4,e1729f,1,0.314,0.681,Anonymous,38%,31.5,395,Enabled,Valid
T000228,Z1,762d9f,1,0.377,0.552,Anonymous,59%,30.6,516,Enabled,Failed
T000229,Z4,22e716,1,0.332,0.694,Linked,44%,32.7,180,Enabled,Valid
T000230,Z5,18f26e,1,0.356,0.664,Anonymous,52%,31.5,131,Enabled,Failed
T000231,Z1,8911a6,1,0.32,0.664,Linked,40%,35.3,679,Disabled,Valid
T000232,Z3,385337,1,0.407,0.443,Anonymous,69%,28.5,1061,Disabled,Failed
T000233,Z2,dd22d3,1,0.446,0.46,Anonymous,82%,40.0,398,Enabled,Valid
T000234,Z5,016d63,1,0.305,0.6,Anonymous,35%,31.9,877,Enabled,Failed
T000235,Z4,9a991f,1,0.416,0.476,Anonymous,72%,33.9,821,Disabled,Valid
T000236,Z5,895dfa,1,0.257,0.815,Linked,19%,41.2,199,Enabled,Valid
T000237,Z2,dfc6b7,1,0.311,0.592,Linked,37%,34.6,864,Enabled,Failed
T000238,Z5,e2b3d3,1,0.434,0.535,Linked,78%,35.3,124,Enabled,Valid
T000239,Z3,40b8fe,1,0.296,0.781,Linked,32%,28.6,297,Disabled,Valid
T000240,Z2,94fc1d,1,0.332,0.728,Anonymous,44%,38.9,261,Disabled,Failed
T000241,Z4,5c19f4,1,0.26,0.867,Linked,20%,36.8,164,Disabled,Valid
T000242,Z4,ab3255,1,0.293,0.597,Linked,31%,28.2,988,Enabled,Failed
T000243,Z5,7d043a,1,0.311,0.55,Linked,37%,40.5,1073,Enabled,Valid
T000244,Z1,6523a2,1,0.35,0.595,Linked,50%,27.2,524,Enabled,Valid
T000245,Z4,8b3430,1,0.446,0.361,Linked,82%,39.5,896,Enabled,Failed
T000246,Z3,ddc6ea,1,0.248,0.805,Linked,16%,28.5,575,Disabled,Valid
T000247,Z5,6aa2a5,1,0.332,0.526,Anonymous,44%,38.8,1022,Enabled,Valid
T000248,Z5,41124c,1,0.26,0.759,Linked,20%,38.6,704,Disabled,Valid
T000249,Z1,f12606,1,0.287,0.705,Linked,29%,38.1,748,Disabled,Valid
T000250,Z1,b59794,1,0.269,0.788,Anonymous,23%,29.0,483,Disabled,Valid
T000251,Z5,f4d1ce,1,0.263,0.787,Linked,21%,32.3,290,Enabled,Valid
T000252,Z3,24a590,1,0.377,0.586,Anonymous,59%,38.7,597,Disabled,Valid
T000253,Z4,610575,1,0.332,0.734,Anonymous,44%,34.4,229,Disabled,Valid
T000254,Z4,b58c36,1,0.326,0.567,Linked,42%,41.2,1115,Disabled,Failed
T000255,Z4,eebd40,1,0.38,0.474,Anonymous,60%,32.0,878,Enabled,Failed
T000256,Z4,29a5bc,1,0.353,0.643,Linked,51%,36.0,511,Disabled,Valid
T000257,Z4,778eb9,1,0.353,0.514,Anonymous,51%,32.6,904,Enabled,Valid
T000258,Z5,29560b,1,0.407,0.499,Linked,69%,41.1,529,Enabled,Failed
T000259,Z1,56c331,1,0.32,0.717,Linked,40%,30.8,415,Disabled,Valid
T000260,Z4,c9d602,1,0.434,0.419,Anonymous,78%,34.6,956,Disabled,Valid
T000261,Z3,b5538f,1,0.365,0.637,Linked,55%,29.5,190,Enabled,Failed
T000262,Z4,a92e84,1,0.266,0.611,Linked,22%,30.9,1145,Enabled,Valid
T000263,Z5,7a959e,1,0.38,0.475,Anonymous,60%,33.9,1124,Disabled,Valid
T000264,Z1,8c017a,1,0.26,0.822,Anonymous,20%,28.7,390,Disabled,Valid
T000265,Z4,2ade79,1,0.41,0.445,Anonymous,70%,28.5,1026,Disabled,Valid
T000266,Z1,867bae,1,0.293,0.675,Anonymous,31%,40.9,599,Enabled,Valid
T000267,Z2,816fbf,1,0.383,0.549,Anonymous,61%,36.4,481,Enabled,Failed
T000268,Z4,6f09d4,1,0.377,0.597,Anonymous,59%,27.1,539,Disabled,Valid
T000269,Z1,949560,1,0.353,0.678,Linked,51%,30.0,333,Disabled,Valid
T000270,Z4,c7b68b,1,0.455,0.411,Anonymous,85%,28.7,820,Disabled,Failed
T000271,Z2,5e6970,1,0.275,0.807,Linked,25%,30.6,339,Disabled,Valid
T000272,Z2,cef389,1,0.449,0.439,Anonymous,83%,32.8,480,Enabled,Failed
T000273,Z2,398333,1,0.281,0.66,Anonymous,27%,29.8,1023,Disabled,Valid
T000274,Z3,ffaa23,1,0.377,0.428,Linked,59%,41.5,1135,Enabled,Failed
T000275,Z4,1eaf67,1,0.26,0.74,Anonymous,20%,35.5,551,Enabled,Valid
T000276,Z2,20ed0b,1,0.446,0.367,Linked,82%,38.1,1114,Disabled,Failed
T000277,Z5,d70626,1,0.398,0.426,Anonymous,66%,35.2,970,Enabled,Failed
T000278,Z2,3c4d14,1,0.362,0.674,Anonymous,54%,39.9,278,Disabled,Failed
T000279,Z1,3d5a9f,1,0.293,0.74,Anonymous,31%,36.2,523,Disabled,Valid
T000280,Z1,c1a58f,1,0.353,0.555,Anonymous,51%,41.7,699,Enabled,Failed
T000281,Z5,3e57c7,1,0.335,0.653,Anonymous,45%,40.0,359,Enabled,Failed
T000282,Z2,5c64f3,1,0.416,0.51,Linked,72%,29.1,650,Disabled,Valid
T000283,Z4,727682,1,0.371,0.495,Anonymous,57%,33.8,1099,Disabled,Failed
T000284,Z1,dd720c,1,0.311,0.708,Linked,37%,41.5,533,Disabled,Valid
T000285,Z3,c32269,1,0.359,0.695,Linked,53%,40.4,199,Disabled,Valid
T000286,Z4,f0af8a,1,0.404,0.465,Linked,68%,27.0,976,Disabled,Failed
T000287,Z2,bd8ce6,1,0.368,0.498,Anonymous,56%,30.8,861,Enabled,Failed
T000288,Z2,a37633,1,0.392,0.571,Anonymous,64%,36.8,294,Enabled,Valid
T000289,Z1,d0eabb,1,0.233,0.826,Anonymous,11%,37.4,346,Enabled,Valid
T000290,Z2,98bba4,1,0.263,0.833,Linked,21%,38.0,309,Disabled,Valid
T000291,Z3,2f287c,1,0.254,0.837,Linked,18%,35.0,117,Enabled,Valid
T000292,Z4,42487a,1,0.464,0.451,Linked,88%,37.3,544,Disabled,Failed
T000293,Z2,b0649b,1,0.35,0.629,Anonymous,50%,38.9,607,Disabled,Failed
T000294,Z2,81c024,1,0.308,0.591,Linked,36%,34.8,1143,Disabled,Failed
T000295,Z3,551f3a,1,0.272,0.831,Anonymous,24%,30.6,245,Disabled,Failed
T000296,Z1,e4438f,1,0.446,0.499,Linked,82%,33.3,453,Disabled,Valid
T000297,Z1,89dc74,1,0.311,0.77,Linked,37%,27.6,223,Disabled,Valid
T000298,Z3,f976f2,1,0.26,0.818,Anonymous,20%,36.6,412,Disabled,Valid
T000299,Z1,6046d2,1,0.38,0.653,Linked,60%,35.8,235,Disabled,Failed
T000300,Z2,dc847e,1,0.272,0.838,Linked,24%,33.8,212,Disabled,Valid
T000301,Z2,f40265,1,0.29,0.638,Linked,30%,34.4,810,Enabled,Valid
T000302,Z3,1a901f,1,0.275,0.843,Linked,25%,38.6,160,Disabled,Valid
T000303,Z3,8fbb3c,1,0.419,0.418,Anonymous,73%,33.8,837,Enabled,Failed
T000304,Z5,4161c0,1,0.269,0.818,Linked,23%,40.4,336,Disabled,Valid
T000305,Z1,a1c133,1,0.41,0.519,Linked,70%,32.5,407,Enabled,Failed
T000306,Z1,b47e5d,1,0.323,0.644,Linked,41%,33.2,755,Disabled,Failed
T000307,Z5,ab4869,1,0.314,0.721,Linked,38%,39.1,194,Enabled,Valid
T000308,Z4,af3627,1,0.44,0.379,Anonymous,80%,33.9,855,Enabled,Valid
T000309,Z3,7230e3,1,0.455,0.475,Anonymous,85%,41.6,500,Disabled,Failed
T000310,Z2,eedb79,1,0.317,0.731,Anonymous,39%,35.1,119,Enabled,Valid
T000311,Z4,eb9881,1,0.389,0.591,Linked,63%,34.4,222,Enabled,Failed
T000312,Z1,d9df70,1,0.404,0.605,Anonymous,68%,41.6,273,Disabled,Valid
T000313,Z2,ebccea,1,0.278,0.743,Linked,26%,30.6,634,Disabled,Valid
T000314,Z4,b43de2,1,0.317,0.702,Anonymous,39%,28.1,515,Disabled,Failed
T000315,Z5,eb3668,1,0.401,0.429,Linked,67%,34.0,932,Enabled,Failed
T000316,Z2,5fc044,1,0.275,0.73,Anonymous,25%,28.4,723,Disabled,Valid
T000317,Z5,a8dac3,1,0.263,0.679,Anonymous,21%,37.7,828,Enabled,Valid
T000318,Z3,613621,1,0.401,0.543,Linked,67%,35.3,611,Disabled,Valid
T000319,Z2,037f1a,1,0.278,0.636,Linked,26%,30.0,920,Enabled,Failed
T000320,Z1,5a5483,1,0.254,0.658,Linked,18%,30.0,1008,Enabled,Valid
T000321,Z3,98fc4d,1,0.293,0.598,Anonymous,31%,40.9,987,Enabled,Failed
T000322,Z4,6f3c5e,1,0.365,0.578,Anonymous,55%,30.2,483,Enabled,Valid
T000323,Z2,ece96d,1,0.386,0.474,Anonymous,62%,40.2,1081,Disabled,Valid
T000324,Z4,5e231a,1,0.47,0.472,Linked,90%,41.9,139,Enabled,Failed
T000325,Z3,6a00dd,1,0.446,0.411,Anonymous,82%,34.5,895,Disabled,Valid
T000326,Z3,38a317,1,0.251,0.702,Linked,17%,39.1,1066,Disabled,Valid
T000327,Z5,7d9971,1,0.32,0.707,Linked,40%,31.0,214,Enabled,Failed
T000328,Z2,8901b2,1,0.296,0.64,Anonymous,32%,30.5,751,Enabled,Failed
T000329,Z3,33502e,1,0.446,0.318,Anonymous,82%,41.2,1108,Enabled,Valid
T000330,Z4,35c3b2,1,0.461,0.279,Linked,87%,30.3,1178,Enabled,Valid
T000331,Z5,e6a2dd,1,0.353,0.615,Anonymous,51%,27.9,402,Enabled,Failed
T000332,Z2,0da021,1,0.371,0.483,Anonymous,57%,37.6,910,Enabled,Valid
T000333,Z3,172312,1,0.416,0.549,Linked,72%,36.7,456,Disabled,Failed
T000334,Z5,7c3a22,1,0.347,0.614,Linked,49%,38.0,703,Disabled,Valid
T000335,Z1,9709fa,1,0.461,0.405,Linked,87%,31.8,552,Enabled,Failed
T000336,Z4,8bc3dc,1,0.362,0.591,Linked,54%,41.7,443,Enabled,Failed
T000337,Z1,e63a57,1,0.308,0.772,Linked,36%,30.7,238,Disabled,Valid
T000338,Z1,05b667,1,0.389,0.496,Anonymous,63%,41.5,947,Disabled,Failed
T000339,Z3,3cfbda,1,0.449,0.473,Linked,83%,36.8,561,Disabled,Valid
T000340,Z1,449872,1,0.269,0.795,Anonymous,23%,28.1,448,Disabled,Valid
T000341,Z1,78fe81,1,0.239,0.848,Anonymous,13%,33.5,437,Disabled,Failed
T000342,Z2,b625df,1,0.302,0.651,Anonymous,34%,33.1,643,Enabled,Valid
T000343,Z2,793b38,1,0.287,0.834,Anonymous,29%,27.8,107,Disabled,Valid
T000344,Z5,4b63a2,1,0.308,0.631,Linked,36%,29.6,697,Enabled,Valid
T000345,Z1,23da35,1,0.329,0.606,Anonymous,43%,28.4,893,Disabled,Valid
T000346,Z4,d9d077,1,0.329,0.607,Anonymous,43%,33.6,639,Enabled,Failed
T000347,Z5,5aa378,1,0.362,0.491,Linked,54%,39.1,947,Enabled,Failed
T000348,Z5,b72322,1,0.449,0.37,Anonymous,83%,40.2,1075,Disabled,Valid
T000349,Z1,81b721,1,0.401,0.527,Linked,67%,29.6,442,Enabled,Failed
T000350,Z2,b3bd77,1,0.305,0.745,Linked,35%,42.0,402,Disabled,Valid
T000351,Z3,4ac5af,1,0.44,0.467,Anonymous,80%,31.9,665,Disabled,Valid
T000352,Z1,f5e598,1,0.389,0.574,Anonymous,63%,29.2,305,Enabled,Valid
T000353,Z1,3267a0,1,0.329,0.566,Anonymous,43%,32.7,1094,Disabled,Failed
T000354,Z1,d7c24f,1,0.467,0.321,Anonymous,89%,36.1,922,Enabled,Failed
T000355,Z3,e9de31,1,0.371,0.571,Anonymous,57%,27.3,720,Disabled,Valid
T000356,Z4,9abd04,1,0.398,0.519,Linked,66%,38.6,757,Disabled,Failed
T000357,Z5,13347f,1,0.386,0.409,Anonymous,62%,38.1,1157,Enabled,Valid
T000358,Z1,1f3035,1,0.422,0.395,Linked,74%,33.1,1173,Disabled,Failed
T000359,Z2,36d2df,1,0.242,0.712,Linked,14%,33.8,838,Enabled,Valid
T000360,Z3,4a585e,1,0.239,0.665,Anonymous,13%,30.6,1101,Enabled,Valid
T000361,Z4,3835fb,1,0.329,0.678,Anonymous,43%,38.2,285,Enabled,Valid
T000362,Z1,9fc30b,1,0.308,0.582,Linked,36%,31.0,938,Enabled,Valid
T000363,Z1,cd5613,1,0.314,0.615,Linked,38%,30.8,725,Enabled,Failed
T000364,Z3,557039,1,0.326,0.646,Anonymous,42%,30.3,718,Disabled,Valid
T000365,Z5,2fa6d2,1,0.443,0.459,Linked,81%,36.7,678,Disabled,Failed
T000366,Z4,ec3c0e,1,0.335,0.633,Anonymous,45%,30.9,711,Disabled,Valid
T000367,Z2,8fe675,1,0.239,0.744,Anonymous,13%,36.8,705,Enabled,Failed
T000368,Z4,a65630,1,0.314,0.595,Linked,38%,37.3,1074,Disabled,Failed
T000369,Z3,8b3109,1,0.341,0.643,Linked,47%,28.5,362,Enabled,Valid
T000370,Z5,93a590,1,0.365,0.529,Linked,55%,30.3,728,Enabled,Failed
T000371,Z3,98e0a0,1,0.275,0.826,Anonymous,25%,34.1,245,Disabled,Failed
T000372,Z5,0f8d00,1,0.248,0.838,Anonymous,16%,40.1,408,Disabled,Failed
T000373,Z3,7c6ae5,1,0.299,0.615,Linked,33%,38.7,1098,Disabled,Failed
T000374,Z2,0c2f1a,1,0.335,0.686,Linked,45%,30.1,445,Disabled,Failed
T000375,Z4,eacae6,1,0.383,0.48,Anonymous,61%,33.4,1077,Disabled,Valid
T000376,Z5,ac88d5,1,0.431,0.593,Linked,77%,29.9,108,Disabled,Failed
T000377,Z2,2ec2c3,1,0.377,0.51,Linked,59%,34.6,726,Enabled,Valid
T000378,Z1,d8b01f,1,0.395,0.6,Anonymous,65%,40.3,374,Disabled,Failed
T000379,Z4,2085a6,1,0.236,0.866,Linked,12%,30.4,368,Disabled,Valid
T000380,Z5,de7fae,1,0.242,0.805,Linked,14%,32.6,623,Disabled,Valid
T000381,Z1,e3686b,1,0.248,0.679,Linked,16%,37.3,953,Enabled,Valid
T000382,Z5,b452fe,1,0.47,0.308,Linked,90%,27.1,961,Enabled,Valid
T000383,Z5,d3c69c,1,0.425,0.507,Anonymous,75%,37.8,341,Enabled,Valid
T000384,Z1,62ddfc,1,0.428,0.453,Linked,76%,41.6,833,Disabled,Valid
T000385,Z2,96513b,1,0.413,0.574,Anonymous,71%,32.0,105,Enabled,Failed
T000386,Z1,7ec0f6,1,0.425,0.514,Linked,75%,28.1,307,Enabled,Valid
T000387,Z2,b96978,1,0.248,0.829,Anonymous,16%,28.5,457,Disabled,Valid
T000388,Z3,c47db0,0.979,0.266,0.801,Anonymous,22%,39.8,193,Enabled,Failed
T000389,Z2,0a415d,1,0.263,0.735,Anonymous,21%,32.6,801,Disabled,Valid
T000390,Z4,587bd8,1,0.389,0.597,Anonymous,63%,36.7,441,Disabled,Valid
T000391,Z1,e1d94c,1,0.446,0.496,Anonymous,82%,37.2,471,Disabled,Valid
T000392,Z3,6f6dd2,1,0.416,0.452,Linked,72%,28.7,942,Disabled,Valid
T000393,Z3,3df6d2,1,0.428,0.561,Linked,76%,34.8,295,Disabled,Failed
T000394,Z2,9ffd36,1,0.443,0.503,Anonymous,81%,40.4,211,Enabled,Failed
T000395,Z2,06d8e3,1,0.257,0.704,Anonymous,19%,38.3,756,Enabled,Valid
T000396,Z3,50cecf,1,0.383,0.643,Linked,61%,39.3,261,Disabled,Valid
T000397,Z5,c90fa3,1,0.35,0.526,Anonymous,50%,28.8,1118,Disabled,Failed
T000398,Z1,86e5d1,1,0.263,0.7,Linked,21%,38.9,723,Enabled,Valid
T000399,Z2,947a07,1,0.314,0.604,Anonymous,38%,39.7,779,Enabled,Failed
T000400,Z5,c6c525,0.964,0.266,0.729,Anonymous,22%,38.4,554,Enabled,Valid
T000401,Z3,c2650f,1,0.245,0.653,Anonymous,15%,40.5,1108,Enabled,Failed
T000402,Z4,d7d99d,1,0.275,0.644,Linked,25%,41.0,904,Enabled,Valid
T000403,Z2,edf7ed,1,0.455,0.321,Anonymous,85%,28.8,1022,Enabled,Failed
T000404,Z5,bb2eb3,1,0.44,0.332,Linked,80%,41.0,1089,Enabled,Failed
T000405,Z2,39dc5b,1,0.377,0.503,Linked,59%,36.9,759,Enabled,Failed
T000406,Z4,c7a689,1,0.359,0.53,Anonymous,53%,41.6,1027,Disabled,Valid
T000407,Z4,adf4fb,1,0.44,0.498,Anonymous,80%,36.5,511,Disabled,Failed
T000408,Z3,c6600a,1,0.272,0.663,Linked,24%,38.4,1083,Disabled,Valid
T000409,Z4,c306b8,1,0.428,0.394,Anonymous,76%,28.6,880,Enabled,Valid
T000410,Z1,9848ee,1,0.326,0.745,Linked,42%,29.2,227,Disabled,Failed
T000411,Z2,cafe1c,1,0.269,0.773,Anonymous,23%,36.2,559,Disabled,Valid
T000412,Z4,93d42f,1,0.374,0.512,Anonymous,58%,32.8,740,Enabled,Valid
T000413,Z3,915e39,1,0.455,0.475,Linked,85%,35.2,502,Disabled,Failed
T000414,Z2,72785e,1,0.299,0.555,Linked,33%,41.4,1152,Enabled,Valid
T000415,Z4,bbce99,1,0.452,0.508,Linked,84%,39.7,111,Enabled,Valid
T000416,Z2,c25ce4,1,0.47,0.357,Anonymous,90%,36.2,716,Enabled,Failed
T000417,Z5,019306,1,0.299,0.558,Anonymous,33%,34.8,1134,Enabled,Valid
T000418,Z5,70fd6b,1,0.311,0.609,Anonymous,37%,37.0,778,Enabled,Valid
T000419,Z5,32f398,1,0.362,0.56,Linked,54%,33.7,599,Enabled,Failed
T000420,Z3,7e9ee8,1,0.437,0.575,Anonymous,79%,37.9,150,Disabled,Valid
T000421,Z3,9465f1,1,0.245,0.826,Anonymous,15%,31.4,494,Disabled,Valid
T000422,Z1,2d6c1c,1,0.308,0.663,Linked,36%,37.1,536,Enabled,Failed
T000423,Z1,c4da5f,1,0.287,0.649,Anonymous,29%,27.4,779,Enabled,Valid
T000424,Z1,5d09c1,1,0.329,0.53,Linked,43%,33.1,1023,Enabled,Valid
T000425,Z3,4b6733,1,0.467,0.466,Linked,89%,27.9,193,Enabled,Failed
T000426,Z3,cc04f3,1,0.461,0.366,Anonymous,87%,28.3,996,Disabled,Failed
T000427,Z1,6f3c72,1,0.38,0.509,Linked,60%,39.0,704,Enabled,Valid
T000428,Z3,595278,1,0.23,0.719,Linked,10%,35.6,907,Enabled,Valid
T000429,Z1,a88ba0,1,0.386,0.41,Anonymous,62%,40.6,1149,Enabled,Valid
T000430,Z2,fc9fe1,1,0.299,0.743,Linked,33%,37.1,211,Enabled,Failed
T000431,Z5,1e7176,1,0.326,0.521,Anonymous,42%,28.5,1097,Enabled,Valid
T000432,Z2,cf514a,1,0.35,0.546,Linked,50%,34.3,772,Enabled,Failed
T000433,Z5,4beb27,1,0.293,0.724,Anonymous,31%,27.1,604,Disabled,Valid
T000434,Z4,19b061,1,0.413,0.478,Linked,71%,33.9,834,Disabled,Valid
T000435,Z5,5b564b,1,0.281,0.765,Linked,27%,40.4,502,Disabled,Valid
T000436,Z1,d6209c,1,0.455,0.54,Linked,85%,30.2,175,Disabled,Valid
T000437,Z5,a68034,1,0.314,0.671,Anonymous,38%,40.4,695,Disabled,Valid
T000438,Z5,9d1e7a,1,0.32,0.662,Anonymous,40%,39.7,439,Enabled,Valid
T000439,Z4,794ac5,1,0.365,0.505,Linked,55%,27.6,1098,Disabled,Valid
T000440,Z3,4026db,1,0.377,0.499,Linked,59%,34.0,1031,Disabled,Valid
T000441,Z3,1c5398,1,0.452,0.489,Anonymous,84%,35.2,456,Disabled,Failed
T000442,Z3,adfe9d,1,0.314,0.646,Anonymous,38%,34.7,822,Disabled,Failed
T000443,Z4,b0a6aa,1,0.293,0.614,Linked,31%,30.4,1153,Disabled,Valid
T000444,Z2,c1888a,1,0.317,0.6,Anonymous,39%,33.2,776,Enabled,Valid
T000445,Z4,b054c0,1,0.236,0.868,Linked,12%,30.7,361,Disabled,Valid
T000446,Z2,9ffc5b,1,0.293,0.701,Linked,31%,30.9,468,Enabled,Failed
T000447,Z5,9f5053,1,0.311,0.552,Anonymous,37%,33.7,1065,Enabled,Valid
T000448,Z2,847b34,1,0.293,0.685,Linked,31%,37.9,801,Disabled,Valid
T000449,Z5,253dcb,1,0.278,0.767,Anonymous,26%,28.6,514,Disabled,Failed
T000450,Z5,f8f669,1,0.41,0.564,Linked,70%,40.5,179,Enabled,Failed
T000451,Z5,4a8f0a,1,0.461,0.495,Anonymous,87%,35.1,102,Enabled,Failed
T000452,Z4,afc223,1,0.431,0.348,Anonymous,77%,33.4,1087,Enabled,Failed
T000453,Z3,6109c6,1,0.326,0.625,Anonymous,42%,34.2,576,Enabled,Failed
T000454,Z3,6452a6,1,0.302,0.807,Anonymous,34%,27.1,114,Disabled,Valid
T000455,Z5,c65dce,1,0.386,0.607,Linked,62%,32.4,416,Disabled,Failed
T000456,Z3,4d006d,1,0.464,0.377,Anonymous,88%,31.1,913,Disabled,Valid
T000457,Z5,a2f6e1,1,0.443,0.471,Linked,81%,35.3,619,Disabled,Failed
T000458,Z4,0b3b69,1,0.29,0.622,Linked,30%,28.5,1141,Disabled,Failed
T000459,Z5,49e8be,1,0.23,0.871,Linked,10%,39.1,397,Disabled,Failed
T000460,Z4,777dd5,1,0.371,0.63,Anonymous,57%,28.2,177,Enabled,Valid
T000461,Z4,74e7b8,1,0.296,0.59,Anonymous,32%,36.6,999,Enabled,Valid
T000462,Z5,f0a5eb,1,0.464,0.475,Linked,88%,29.5,173,Enabled,Valid
T000463,Z1,5e5031,1,0.365,0.539,Anonymous,55%,37.0,930,Disabled,Valid
T000464,Z1,8f579c,1,0.362,0.597,Anonymous,54%,41.4,666,Disabled,Failed
T000465,Z2,83b54a,1,0.296,0.776,Linked,32%,33.1,318,Disabled,Valid
T000466,Z3,da2a3b,1,0.398,0.452,Anonymous,66%,41.5,1090,Disabled,Valid
T000467,Z3,b7c79b,1,0.272,0.703,Linked,24%,30.9,883,Disabled,Failed
T000468,Z2,ae43aa,1,0.428,0.492,Anonymous,76%,35.0,639,Disabled,Valid
T000469,Z4,4c9be4,1,0.35,0.62,Linked,50%,32.3,651,Disabled,Failed
T000470,Z2,a6508b,1,0.329,0.632,Linked,43%,30.1,515,Enabled,Valid
T000471,Z5,20ccb9,1,0.26,0.628,Linked,20%,37.1,1108,Enabled,Valid
T000472,Z5,af4d20,1,0.419,0.503,Anonymous,73%,40.5,662,Disabled,Valid
T000473,Z5,0e200d,1,0.248,0.677,Linked,16%,34.9,966,Enabled,Failed
T000474,Z1,20db8f,1,0.404,0.378,Anonymous,68%,41.6,1161,Enabled,Valid
T000475,Z1,048b8d,1,0.353,0.569,Anonymous,51%,32.4,631,Enabled,Valid
T000476,Z2,a038c4,1,0.299,0.729,Anonymous,33%,34.5,531,Disabled,Valid
T000477,Z3,9839c4,1,0.299,0.721,Anonymous,33%,35.6,568,Disabled,Valid
T000478,Z3,24523c,1,0.284,0.729,Anonymous,28%,39.0,406,Enabled,Failed
T000479,Z2,6e5f8a,1,0.416,0.601,Linked,72%,31.5,197,Disabled,Valid
T000480,Z2,c08294,1,0.47,0.393,Anonymous,90%,28.4,785,Disabled,Valid
T000481,Z5,01f78e,1,0.386,0.539,Anonymous,62%,28.8,507,Enabled,Failed
T000482,Z5,c91ae9,1,0.425,0.422,Anonymous,75%,34.3,1015,Disabled,Valid
T000483,Z5,d8eef1,1,0.359,0.499,Linked,53%,33.3,928,Enabled,Failed
T000484,Z1,d1c208,1,0.35,0.621,Linked,50%,36.8,647,Disabled,Failed
T000485,Z3,1f7fb5,1,0.293,0.816,Anonymous,31%,29.8,147,Disabled,Valid
T000486,Z3,cb485e,1,0.269,0.671,Linked,23%,28.4,1069,Disabled,Valid
T000487,Z4,f1347c,1,0.467,0.375,Linked,89%,29.3,898,Disabled,Valid
T000488,Z3,576289,1,0.239,0.719,Linked,13%,27.5,830,Enabled,Failed
T000489,Z4,28b45e,1,0.281,0.773,Anonymous,27%,41.5,462,Disabled,Valid
T000490,Z5,b822a3,1,0.413,0.588,Anonymous,71%,35.1,283,Disabled,Valid
T000491,Z4,91c756,1,0.23,0.824,Anonymous,10%,34.8,379,Enabled,Valid
T000492,Z5,55e3ef,1,0.233,0.805,Anonymous,11%,38.5,699,Disabled,Valid
T000493,Z1,90814d,1,0.443,0.473,Linked,81%,33.6,611,Disabled,Failed
T000494,Z4,ac92a1,1,0.392,0.398,Anonymous,64%,36.4,1158,Enabled,Failed
T000495,Z5,02b372,1,0.302,0.735,Anonymous,34%,39.8,473,Disabled,Valid
T000496,Z4,389089,1,0.302,0.748,Anonymous,34%,31.8,411,Disabled,Failed
T000497,Z1,107bcf,1,0.278,0.847,Anonymous,26%,37.7,116,Disabled,Valid
T000498,Z1,4cccb8,1,0.347,0.531,Anonymous,49%,38.8,1120,Disabled,Valid
T000499,Z1,b43d8f,1,0.332,0.681,Linked,44%,38.6,246,Enabled,Valid
T000500,Z2,3518de,1,0.323,0.544,Linked,41%,32.8,1007,Enabled,Failed
T000501,Z1,45b5d2,1,0.41,0.452,Linked,70%,32.8,739,Enabled,Valid
T000502,Z1,24a7c0,1,0.413,0.544,Linked,71%,36.6,506,Disabled,Failed
T000503,Z2,f9661d,1,0.233,0.812,Anonymous,11%,29.5,665,Disabled,Valid
T000504,Z2,5e7ef7,1,0.371,0.543,Anonymous,57%,38.6,609,Enabled,Valid
T000505,Z5,9b207d,1,0.287,0.791,Linked,29%,37.5,319,Disabled,Valid
T000506,Z3,c79f33,1,0.236,0.723,Anonymous,12%,37.3,833,Enabled,Valid
T000507,Z1,d9a082,1,0.302,0.668,Anonymous,34%,35.5,812,Disabled,Failed
T000508,Z3,2fb069,1,0.401,0.487,Linked,67%,31.4,639,Enabled,Valid
T000509,Z1,b1d846,1,0.467,0.387,Linked,89%,39.9,589,Enabled,Failed
T000510,Z5,cdfa8a,1,0.464,0.322,Anonymous,88%,31.2,939,Enabled,Failed
T000511,Z1,ce6bf5,1,0.296,0.687,Linked,32%,40.1,513,Enabled,Valid
T000512,Z1,dc4a13,0.806,0.248,0.871,Anonymous,16%,32.5,245,Disabled,Failed
T000513,Z2,c1397b,1,0.368,0.48,Anonymous,56%,35.4,951,Enabled,Valid
T000514,Z1,4dc719,1,0.344,0.602,Linked,48%,28.2,542,Enabled,Valid
T000515,Z2,4ea268,1,0.431,0.472,Linked,77%,36.9,466,Enabled,Failed
T000516,Z4,011823,1,0.269,0.791,Anonymous,23%,29.5,469,Disabled,Valid
T000517,Z3,ce5acf,1,0.35,0.597,Anonymous,50%,35.3,764,Disabled,Valid
T000518,Z4,96ad27,1,0.44,0.476,Linked,80%,40.9,620,Disabled,Failed
T000519,Z4,072268,1,0.458,0.495,Linked,86%,27.2,376,Disabled,Valid
T000520,Z3,62b21c,1,0.335,0.496,Anonymous,45%,40.8,1147,Enabled,Failed
T000521,Z5,6fbfa3,1,0.365,0.597,Linked,55%,29.3,642,Disabled,Failed
T000522,Z2,aebcef,1,0.449,0.426,Anonymous,83%,33.0,545,Enabled,Valid
T000523,Z3,3af34a,1,0.458,0.485,Anonymous,86%,36.6,176,Enabled,Failed
T000524,Z4,91e584,1,0.395,0.606,Anonymous,65%,33.2,346,Disabled,Failed
T000525,Z5,1e54d5,1,0.431,0.534,Linked,77%,27.6,406,Disabled,Valid
T000526,Z2,25d018,1,0.458,0.513,Anonymous,86%,35.6,284,Disabled,Valid
T000527,Z4,842c43,1,0.41,0.56,Anonymous,70%,35.6,200,Enabled,Valid
T000528,Z1,059570,1,0.281,0.714,Anonymous,27%,34.2,505,Enabled,Valid
T000529,Z5,9c0a1b,1,0.257,0.659,Linked,19%,31.0,980,Enabled,Failed
T000530,Z5,636c56,1,0.368,0.569,Anonymous,56%,32.2,756,Disabled,Failed
T000531,Z1,e23187,1,0.467,0.517,Anonymous,89%,29.2,191,Disabled,Failed
T000532,Z2,cb8ab6,1,0.248,0.79,Linked,16%,30.6,402,Enabled,Failed
T000533,Z3,168095,1,0.401,0.509,Linked,67%,34.1,779,Disabled,Failed
T000534,Z2,1b3f59,1,0.467,0.477,Anonymous,89%,37.9,389,Disabled,Failed
T000535,Z1,773077,1,0.293,0.743,Linked,31%,27.9,511,Disabled,Valid
T000536,Z3,c7042b,1,0.377,0.488,Linked,59%,36.9,837,Enabled,Valid
T000537,Z3,0340d1,1,0.35,0.462,Anonymous,50%,34.3,1188,Enabled,Valid
T000538,Z5,e4b713,1,0.431,0.344,Linked,77%,31.6,1103,Enabled,Failed
T000539,Z1,68d773,1,0.32,0.575,Anonymous,40%,41.9,1126,Disabled,Failed
T000540,Z3,8ed4c9,1,0.287,0.624,Anonymous,29%,32.1,904,Enabled,Valid
T000541,Z4,7752f6,1,0.449,0.387,Anonymous,83%,29.3,739,Enabled,Failed
T000542,Z4,8baa5a,1,0.452,0.427,Linked,84%,35.1,514,Enabled,Valid
T000543,Z5,ec9f1b,1,0.35,0.462,Linked,50%,28.0,1191,Enabled,Valid
T000544,Z3,0a574d,1,0.386,0.558,Anonymous,62%,31.6,660,Disabled,Failed
T000545,Z1,792bfd,1,0.461,0.451,Linked,87%,35.5,572,Disabled,Valid
T000546,Z1,86457a,1,0.422,0.368,Anonymous,74%,39.7,1060,Enabled,Failed
T000547,Z2,bc3050,1,0.29,0.767,Anonymous,30%,29.9,166,Enabled,Valid
T000548,Z1,d5ce1e,1,0.308,0.57,Linked,36%,28.0,999,Enabled,Failed
T000549,Z3,1cded5,1,0.245,0.749,Anonymous,15%,36.1,879,Disabled,Valid
T000550,Z5,d2a6c1,1,0.401,0.578,Linked,67%,33.9,186,Enabled,Failed
T000551,Z5,965337,1,0.428,0.58,Linked,76%,38.5,200,Disabled,Valid
T000552,Z4,e7691b,1,0.392,0.588,Anonymous,64%,31.4,211,Enabled,Valid
T000553,Z2,e5737b,1,0.299,0.71,Linked,33%,38.7,377,Enabled,Valid
T000554,Z4,ef24a9,1,0.404,0.457,Anonymous,68%,28.4,763,Enabled,Failed
T000555,Z2,78a9f2,1,0.368,0.543,Linked,56%,28.3,886,Disabled,Failed
T000556,Z5,9d4ec7,1,0.245,0.768,Anonymous,15%,38.5,786,Disabled,Failed
T000557,Z2,351ccd,1,0.389,0.432,Linked,63%,31.6,1013,Enabled,Failed
T000558,Z1,7db4c9,1,0.233,0.721,Linked,11%,33.9,1121,Disabled,Failed
T000559,Z5,c15f87,1,0.404,0.608,Linked,68%,33.2,262,Disabled,Valid
T000560,Z2,d5d46e,1,0.299,0.622,Linked,33%,29.2,814,Enabled,Valid
T000561,Z1,eeaeb4,1,0.248,0.777,Anonymous,16%,28.6,465,Enabled,Valid
T000562,Z5,a87f08,1,0.242,0.788,Anonymous,14%,28.4,712,Disabled,Valid
T000563,Z4,e57daf,1,0.41,0.518,Linked,70%,29.0,662,Disabled,Failed
T000564,Z5,ac2d52,1,0.449,0.298,Linked,83%,37.9,1183,Enabled,Failed
T000565,Z5,06ca65,1,0.431,0.45,Anonymous,77%,35.6,824,Disabled,Valid
T000566,Z5,d37854,1,0.299,0.72,Anonymous,33%,40.3,576,Disabled,Valid
T000567,Z2,0b7430,1,0.47,0.445,Linked,90%,39.0,524,Disabled,Failed
T000568,Z4,da3756,1,0.443,0.488,Anonymous,81%,39.1,534,Disabled,Failed
T000569,Z3,b90d19,1,0.422,0.608,Anonymous,74%,35.2,112,Disabled,Failed
T000570,Z3,94301c,1,0.356,0.474,Linked,52%,39.5,1081,Enabled,Failed
T000571,Z1,b12fdf,1,0.434,0.401,Linked,78%,40.4,1047,Disabled,Failed
T000572,Z1,f690b4,1,0.308,0.614,Anonymous,36%,35.7,779,Enabled,Failed
T000573,Z3,fe6f23,1,0.359,0.446,Anonymous,53%,41.8,1194,Enabled,Valid
T000574,Z5,cd2efb,1,0.35,0.619,Linked,50%,37.6,656,Disabled,Valid
T000575,Z2,4666a8,1,0.431,0.499,Anonymous,77%,31.5,329,Enabled,Failed
T000576,Z2,19b0b2,1,0.422,0.471,Linked,74%,29.3,796,Disabled,Failed
T000577,Z5,b5fb0a,1,0.428,0.496,Linked,76%,37.2,371,Enabled,Failed
T000578,Z4,5343b6,1,0.347,0.649,Linked,49%,41.0,278,Enabled,Valid
T000579,Z1,3aba7d,1,0.449,0.429,Anonymous,83%,38.4,529,Enabled,Valid
T000580,Z3,585368,1,0.275,0.791,Anonymous,25%,31.1,422,Disabled,Valid
T000581,Z5,081deb,1,0.437,0.405,Linked,79%,32.3,752,Enabled,Valid
T000582,Z3,90769f,1,0.347,0.546,Linked,49%,36.2,793,Enabled,Valid
T000583,Z2,a37c3a,1,0.377,0.46,Linked,59%,27.8,973,Enabled,Valid
T000584,Z5,5d86e8,1,0.356,0.502,Anonymous,52%,39.3,1192,Disabled,Failed
T000585,Z4,768bc3,1,0.266,0.679,Linked,22%,33.8,1053,Disabled,Valid
T000586,Z2,1230ce,1,0.299,0.68,Anonymous,33%,37.5,776,Disabled,Failed
T000587,Z3,5f2ef4,1,0.41,0.384,Linked,70%,28.7,1080,Enabled,Failed
T000588,Z3,6d924e,1,0.269,0.836,Linked,23%,31.9,245,Disabled,Valid
T000589,Z4,55c43a,1,0.44,0.333,Linked,80%,29.4,1087,Enabled,Valid
T000590,Z2,20ae02,1,0.437,0.514,Anonymous,79%,37.4,454,Disabled,Failed
T000591,Z5,5503cc,1,0.443,0.393,Anonymous,81%,28.5,1011,Disabled,Valid
T000592,Z4,a1db59,1,0.419,0.59,Anonymous,73%,36.7,225,Disabled,Valid
T000593,Z2,d97ca5,1,0.401,0.435,Linked,67%,35.0,898,Enabled,Failed
T000594,Z2,7beaa7,1,0.395,0.514,Anonymous,65%,37.8,805,Disabled,Failed
T000595,Z5,9904ea,0.811,0.251,0.873,Linked,17%,32.5,208,Disabled,Valid
T000596,Z3,55770d,1,0.395,0.444,Linked,65%,37.5,907,Enabled,Valid
T000597,Z4,3db7ce,1,0.296,0.693,Anonymous,32%,34.1,485,Enabled,Valid
T000598,Z3,04e9ee,1,0.281,0.789,Anonymous,27%,27.2,132,Enabled,Valid
T000599,Z4,f5c713,1,0.389,0.441,Linked,63%,39.9,971,Enabled,Valid
T000600,Z5,59627b,1,0.314,0.787,Anonymous,38%,29.8,115,Disabled,Valid
T000601,Z2,69fafb,1,0.242,0.712,Anonymous,14%,41.7,1089,Disabled,Valid
T000602,Z5,38d16a,1,0.407,0.421,Linked,69%,34.8,1171,Disabled,Failed
T000603,Z2,9528e9,1,0.359,0.661,Anonymous,53%,35.0,122,Enabled,Valid
T000604,Z4,ed7b76,1,0.341,0.731,Anonymous,47%,31.3,172,Disabled,Failed
T000605,Z3,9bbece,1,0.452,0.539,Linked,84%,29.5,205,Disabled,Failed
T000606,Z5,094c2f,1,0.278,0.686,Anonymous,26%,34.6,669,Enabled,Valid
T000607,Z3,912eba,1,0.461,0.433,Linked,87%,29.6,409,Enabled,Failed
T000608,Z2,68b6f2,1,0.431,0.405,Anonymous,77%,39.9,802,Enabled,Failed
T000609,Z5,60f54a,1,0.32,0.712,Anonymous,40%,36.9,442,Disabled,Valid
T000610,Z3,0b3fe6,1,0.293,0.58,Linked,31%,34.0,1075,Enabled,Valid
T000611,Z5,093f19,1,0.329,0.587,Anonymous,43%,29.2,990,Disabled,Valid
T000612,Z4,d9516a,1,0.434,0.363,Linked,78%,36.6,984,Enabled,Failed
T000613,Z3,51796b,1,0.326,0.56,Anonymous,42%,36.8,901,Enabled,Failed
T000614,Z2,0872de,1,0.35,0.677,Anonymous,50%,35.2,117,Enabled,Valid
T000615,Z4,f7a599,1,0.362,0.594,Linked,54%,30.3,680,Disabled,Valid
T000616,Z1,8052c6,1,0.458,0.451,Linked,86%,36.6,345,Enabled,Failed
T000617,Z2,c55d3b,1,0.326,0.689,Linked,42%,31.4,255,Enabled,Valid
T000618,Z3,b2410d,1,0.257,0.81,Anonymous,19%,31.2,227,Enabled,Valid
T000619,Z1,21f1bd,1,0.254,0.808,Linked,18%,34.4,510,Disabled,Valid
T000620,Z4,9623de,1,0.464,0.309,Anonymous,88%,36.7,1004,Enabled,Valid
T000621,Z1,f05f9b,1,0.236,0.859,Anonymous,12%,40.4,404,Disabled,Valid
T000622,Z1,13ae5e,1,0.38,0.469,Linked,60%,35.6,1155,Disabled,Failed
T000623,Z4,5bdf9a,1,0.437,0.378,Anonymous,79%,30.4,887,Enabled,Failed
T000624,Z4,5bf933,1,0.344,0.703,Anonymous,48%,33.0,285,Disabled,Valid
T000625,Z3,4a01be,1,0.296,0.613,Anonymous,32%,35.3,886,Enabled,Valid
T000626,Z4,61042a,1,0.47,0.402,Anonymous,90%,33.6,488,Enabled,Valid
T000627,Z1,7192c0,1,0.254,0.764,Anonymous,18%,38.9,730,Disabled,Valid
T000628,Z4,bfdf5f,1,0.359,0.648,Anonymous,53%,38.8,187,Enabled,Valid
T000629,Z5,a187f3,1,0.257,0.777,Linked,19%,27.6,389,Enabled,Valid
T000630,Z4,639a8b,1,0.233,0.855,Linked,11%,29.6,202,Enabled,Valid
T000631,Z1,4aaf4e,1,0.272,0.72,Linked,24%,34.5,551,Enabled,Failed
T000632,Z4,499c8c,1,0.449,0.383,Anonymous,83%,35.2,758,Enabled,Failed
T000633,Z2,1ac4d1,1,0.275,0.635,Anonymous,25%,31.1,950,Enabled,Failed
T000634,Z5,2c2a1b,1,0.281,0.641,Linked,27%,28.5,870,Enabled,Valid
T000635,Z4,e48611,1,0.263,0.709,Linked,21%,37.6,681,Enabled,Valid
T000636,Z4,af56c2,1,0.428,0.502,Linked,76%,33.8,589,Disabled,Failed
T000637,Z1,ae92cb,1,0.47,0.357,Anonymous,90%,39.4,716,Enabled,Failed
T000638,Z5,1a05b3,1,0.467,0.277,Linked,89%,32.4,1139,Enabled,Failed
T000639,Z2,b7e33e,1,0.287,0.591,Linked,29%,37.3,1071,Enabled,Valid
T000640,Z1,cf39ed,1,0.395,0.419,Anonymous,65%,30.8,1028,Enabled,Valid
T000641,Z1,6a96a3,1,0.416,0.541,Linked,72%,34.7,245,Enabled,Valid
T000642,Z4,051be4,1,0.353,0.63,Anonymous,51%,30.5,325,Enabled,Valid
T000643,Z2,e42dfc,1,0.257,0.637,Anonymous,19%,34.1,1092,Enabled,Failed
T000644,Z2,bf1c0e,1,0.371,0.616,Linked,57%,29.0,497,Disabled,Valid
T000645,Z3,a0c6ba,1,0.446,0.464,Linked,82%,27.9,379,Enabled,Failed
T000646,Z4,691cd4,1,0.341,0.625,Anonymous,47%,36.1,448,Enabled,Failed
T000647,Z2,fd8c3c,1,0.455,0.316,Anonymous,85%,34.1,1047,Enabled,Valid
T000648,Z4,b66c3f,1,0.452,0.499,Anonymous,84%,30.3,405,Disabled,Failed
T000649,Z1,dd66e3,1,0.422,0.393,Linked,74%,27.5,1187,Disabled,Failed
T000650,Z1,0c75e6,1,0.443,0.359,Linked,81%,38.3,932,Enabled,Valid
T000651,Z3,a40dbc,1,0.347,0.547,Linked,49%,29.4,1040,Disabled,Failed
T000652,Z5,e315e7,1,0.383,0.473,Anonymous,61%,29.8,858,Enabled,Valid
T000653,Z1,8ab4ea,1,0.341,0.585,Anonymous,47%,33.4,652,Enabled,Failed
T000654,Z5,4fcb77,1,0.251,0.746,Linked,17%,34.7,845,Disabled,Valid
T000655,Z4,11a4b4,1,0.368,0.673,Linked,56%,29.6,237,Disabled,Failed
T000656,Z2,82e837,1,0.413,0.489,Linked,71%,38.1,529,Enabled,Failed
T000657,Z2,c1c40d,1,0.335,0.602,Anonymous,45%,27.8,863,Disabled,Valid
T000658,Z5,a64364,1,0.401,0.618,Anonymous,67%,36.3,234,Disabled,Failed
T000659,Z4,269dfd,1,0.338,0.669,Anonymous,46%,41.4,257,Enabled,Valid
T000660,Z1,37a10b,1,0.428,0.541,Linked,76%,41.3,146,Enabled,Valid
T000661,Z5,5a434e,1,0.398,0.641,Anonymous,66%,38.1,143,Disabled,Valid
T000662,Z1,d7994c,1,0.452,0.426,Anonymous,84%,32.1,768,Disabled,Failed
T000663,Z5,cfc79c,1,0.446,0.445,Anonymous,82%,29.0,727,Disabled,Failed
T000664,Z2,b3acd5,1,0.284,0.603,Anonymous,28%,32.3,1033,Enabled,Failed
T000665,Z2,0bd3ff,1,0.287,0.737,Linked,29%,29.4,339,Enabled,Failed
T000666,Z5,f68dd2,1,0.299,0.801,Anonymous,33%,30.1,171,Disabled,Valid
T000667,Z3,ee7f44,1,0.434,0.53,Anonymous,78%,31.5,151,Enabled,Failed
T000668,Z2,cd60c1,1,0.437,0.399,Linked,79%,41.6,778,Enabled,Failed
T000669,Z4,2658b3,1,0.272,0.844,Anonymous,24%,38.0,182,Disabled,Valid
T000670,Z1,d67135,1,0.401,0.461,Anonymous,67%,32.4,768,Enabled,Failed
T000671,Z2,e985e1,1,0.305,0.623,Linked,35%,27.3,1012,Disabled,Failed
T000672,Z1,216494,1,0.35,0.521,Linked,50%,36.0,1147,Disabled,Failed
T000673,Z3,63db6e,1,0.377,0.569,Anonymous,59%,32.6,682,Disabled,Valid
T000674,Z4,8b29fc,1,0.389,0.547,Linked,63%,39.1,691,Disabled,Failed
T000675,Z4,4f9f97,1,0.308,0.535,Linked,36%,31.5,1175,Enabled,Valid
T000676,Z5,b4504f,1,0.332,0.571,Linked,44%,33.2,1046,Disabled,Valid
T000677,Z2,ccc1d0,1,0.44,0.456,Anonymous,80%,34.4,718,Disabled,Failed
T000678,Z4,ffcadb,1,0.23,0.757,Linked,10%,29.3,714,Enabled,Failed
T000679,Z4,ad9d54,1,0.416,0.47,Anonymous,72%,40.6,601,Enabled,Valid
T000680,Z3,1b1264,1,0.446,0.464,Anonymous,82%,33.5,628,Disabled,Failed
T000681,Z1,c002e2,1,0.29,0.77,Linked,30%,35.7,399,Disabled,Valid
T000682,Z2,68b2fa,1,0.368,0.554,Linked,56%,33.3,829,Disabled,Valid
T000683,Z5,95f3a5,1,0.266,0.752,Linked,22%,36.0,442,Enabled,Valid
T000684,Z3,d28d91,1,0.434,0.481,Anonymous,78%,35.7,394,Enabled,Valid
T000685,Z3,9e279e,1,0.29,0.767,Anonymous,30%,28.5,416,Disabled,Valid
T000686,Z2,6d1cb3,1,0.404,0.592,Linked,68%,40.7,338,Disabled,Valid
T000687,Z1,ffae21,1,0.281,0.631,Anonymous,27%,39.3,1171,Disabled,Failed
T000688,Z2,1878a1,1,0.278,0.742,Linked,26%,39.9,391,Enabled,Valid
T000689,Z2,b70242,1,0.272,0.662,Linked,24%,28.2,1091,Disabled,Valid
T000690,Z2,616147,1,0.275,0.837,Linked,25%,40.6,188,Disabled,Valid
T000691,Z1,76d63b,1,0.299,0.753,Linked,33%,37.1,159,Enabled,Valid
T000692,Z3,2cec49,1,0.422,0.461,Anonymous,74%,38.7,595,Enabled,Failed
T000693,Z1,2f9a32,1,0.338,0.48,Linked,46%,29.6,1200,Enabled,Failed
T000694,Z1,e487c3,1,0.455,0.511,Anonymous,85%,29.8,319,Disabled,Failed
T000695,Z4,e37082,1,0.272,0.731,Linked,24%,38.4,743,Disabled,Valid
T000696,Z5,ab788b,1,0.443,0.541,Anonymous,81%,37.8,268,Disabled,Valid
T000697,Z4,77bbe5,1,0.314,0.671,Anonymous,38%,35.3,695,Disabled,Valid
T000698,Z1,cdb830,1,0.416,0.408,Linked,72%,37.1,911,Enabled,Failed
T000699,Z1,2be278,1,0.455,0.486,Anonymous,85%,41.7,445,Disabled,Valid
T000700,Z2,1a1662,1,0.317,0.531,Anonymous,39%,39.6,1122,Enabled,Failed
T000701,Z5,911727,1,0.41,0.464,Anonymous,70%,37.0,928,Disabled,Failed
T000702,Z2,2c91d5,1,0.416,0.565,Linked,72%,34.5,375,Disabled,Valid
T000703,Z1,b56814,1,0.374,0.506,Linked,58%,36.1,769,Enabled,Valid
T000704,Z5,9a814e,1,0.305,0.601,Anonymous,35%,31.4,1119,Disabled,Valid
T000705,Z5,f2c19d,1,0.395,0.556,Linked,65%,40.2,343,Enabled,Valid
T000706,Z4,48794e,1,0.296,0.646,Linked,32%,35.3,720,Enabled,Failed
T000707,Z4,04b52c,1,0.416,0.419,Anonymous,72%,38.5,1104,Disabled,Failed
T000708,Z5,88693a,1,0.422,0.452,Anonymous,74%,27.8,639,Enabled,Failed
T000709,Z4,955429,1,0.251,0.877,Anonymous,17%,27.4,192,Disabled,Valid
T000710,Z3,a2865f,1,0.266,0.724,Anonymous,22%,33.4,831,Disabled,Valid
T000711,Z2,6f72c6,1,0.254,0.793,Anonymous,18%,40.0,334,Enabled,Valid
T000712,Z5,dbd50f,1,0.446,0.398,Anonymous,82%,34.7,962,Disabled,Valid
T000713,Z4,2fa21c,1,0.449,0.525,Anonymous,83%,32.9,300,Disabled,Valid
T000714,Z2,4897c2,1,0.464,0.312,Anonymous,88%,31.5,992,Enabled,Failed
T000715,Z1,a6dc8e,1,0.248,0.735,Anonymous,16%,31.5,923,Disabled,Valid
T000716,Z1,973cde,1,0.254,0.673,Anonymous,18%,35.5,1187,Disabled,Valid
T000717,Z3,5dd3bf,1,0.437,0.415,Anonymous,79%,31.7,948,Disabled,Valid
T000718,Z5,f5730b,1,0.47,0.404,Linked,90%,37.5,482,Enabled,Failed
T000719,Z4,400b3c,1,0.428,0.361,Anonymous,76%,30.0,1047,Enabled,Valid
T000720,Z3,a2ffd0,1,0.308,0.641,Anonymous,36%,39.7,646,Enabled,Valid
T000721,Z2,619b84,1,0.272,0.799,Anonymous,24%,29.2,156,Enabled,Valid
T000722,Z3,1253e1,0.999,0.242,0.798,Anonymous,14%,30.0,658,Disabled,Valid
T000723,Z3,f80121,1,0.236,0.886,Linked,12%,27.8,271,Disabled,Valid
T000724,Z1,05226c,1,0.281,0.64,Linked,27%,30.5,1124,Disabled,Valid
T000725,Z5,ca01b4,1,0.32,0.602,Anonymous,40%,36.0,741,Enabled,Failed
T000726,Z4,6260bb,1,0.269,0.703,Linked,23%,29.6,662,Enabled,Valid
T000727,Z5,df7e82,1,0.35,0.486,Anonymous,50%,35.2,1072,Enabled,Valid
T000728,Z3,c7efb1,1,0.347,0.721,Anonymous,49%,27.3,171,Disabled,Failed
T000729,Z1,93563b,1,0.368,0.65,Anonymous,56%,40.5,349,Disabled,Failed
T000730,Z4,782d88,1,0.344,0.644,Anonymous,48%,28.4,582,Disabled,Valid
T000731,Z2,a52239,1,0.335,0.504,Anonymous,45%,40.0,1106,Enabled,Failed
T000732,Z3,b9e48d,1,0.422,0.438,Linked,74%,28.0,961,Disabled,Failed
T000733,Z5,38e20f,1,0.299,0.709,Linked,33%,36.5,378,Enabled,Valid
T000734,Z3,3c7f80,1,0.323,0.672,Linked,41%,34.7,366,Enabled,Valid
T000735,Z4,ff7761,1,0.329,0.581,Anonymous,43%,29.6,770,Enabled,Valid
T000736,Z1,21095c,1,0.374,0.598,Linked,58%,41.2,559,Disabled,Failed
T000737,Z5,d3ea60,1,0.305,0.736,Linked,35%,30.9,445,Disabled,Valid
T000738,Z4,dcdd6e,1,0.371,0.597,Linked,57%,29.6,340,Enabled,Failed
T000739,Z4,c76ece,1,0.308,0.641,Linked,36%,29.9,645,Enabled,Failed
T000740,Z4,57d4a7,1,0.338,0.623,Linked,46%,37.9,487,Enabled,Valid
T000741,Z2,44a574,1,0.467,0.383,Anonymous,89%,33.8,608,Enabled,Failed
T000742,Z4,392c57,1,0.353,0.512,Anonymous,51%,41.6,914,Enabled,Valid
T000743,Z4,5a735e,1,0.443,0.389,Linked,81%,27.9,781,Enabled,Failed
T000744,Z3,b5e17b,1,0.422,0.486,Linked,74%,36.3,719,Disabled,Failed
T000745,Z2,e09cc4,1,0.293,0.686,Linked,31%,34.6,794,Disabled,Valid
T000746,Z1,03383c,1,0.329,0.697,Anonymous,43%,28.8,190,Enabled,Valid
T000747,Z3,8f1b06,1,0.464,0.432,Anonymous,88%,39.4,640,Disabled,Valid
T000748,Z2,ed5b44,1,0.248,0.878,Linked,16%,29.8,211,Disabled,Valid
T000749,Z4,84da76,1,0.272,0.657,Anonymous,24%,41.9,1113,Disabled,Valid
T000750,Z5,50efc4,1,0.284,0.752,Anonymous,28%,28.9,291,Enabled,Failed
T000751,Z2,4d5826,1,0.452,0.508,Anonymous,84%,42.0,108,Enabled,Failed
T000752,Z2,819d5a,1,0.266,0.859,Linked,22%,40.3,153,Disabled,Valid
T000753,Z1,eb0028,1,0.287,0.647,Linked,29%,27.4,1042,Disabled,Failed
T000754,Z4,c2699c,1,0.245,0.72,Linked,15%,36.8,1027,Disabled,Failed
T000755,Z5,dca904,1,0.353,0.696,Linked,51%,39.0,244,Disabled,Failed
T000756,Z4,848d92,1,0.32,0.567,Anonymous,40%,41.5,916,Enabled,Valid
T000757,Z2,d4dfe5,1,0.287,0.634,Anonymous,29%,28.8,1105,Disabled,Valid
T000758,Z3,5e173e,1,0.371,0.445,Anonymous,57%,34.7,1102,Enabled,Failed
T000759,Z4,7bbad6,1,0.371,0.517,Linked,57%,36.2,989,Disabled,Valid
T000760,Z1,e4feab,1,0.287,0.569,Anonymous,29%,41.0,1179,Enabled,Failed
T000761,Z1,9b4cf3,1,0.413,0.523,Anonymous,71%,31.5,361,Enabled,Failed
T000762,Z2,f676f0,1,0.44,0.512,Anonymous,80%,28.1,192,Enabled,Valid
T000763,Z4,e627b5,1,0.365,0.672,Anonymous,55%,30.8,267,Disabled,Valid
T000764,Z1,0b64e6,1,0.245,0.783,Linked,15%,28.2,709,Disabled,Valid
T000765,Z4,797f58,1,0.311,0.639,Anonymous,37%,29.8,631,Enabled,Failed
T000766,Z4,921979,1,0.272,0.665,Linked,24%,27.2,1077,Disabled,Failed
T000767,Z5,dbeec7,1,0.344,0.685,Anonymous,48%,28.3,376,Disabled,Valid
T000768,Z1,617d72,1,0.284,0.662,Linked,28%,36.7,992,Disabled,Valid
T000769,Z5,47ee33,1,0.284,0.831,Anonymous,28%,34.1,144,Disabled,Valid
T000770,Z2,2c8edd,1,0.401,0.513,Anonymous,67%,35.8,512,Enabled,Failed
T000771,Z4,9985e8,1,0.47,0.303,Linked,90%,39.7,984,Enabled,Failed
T000772,Z5,0f55d1,1,0.383,0.475,Linked,61%,34.3,1099,Disabled,Failed
T000773,Z5,0eeff0,1,0.332,0.539,Anonymous,44%,40.4,954,Enabled,Valid
T000774,Z4,989c1a,1,0.236,0.841,Anonymous,12%,29.4,493,Disabled,Valid
T000775,Z2,a46b6e,1,0.278,0.69,Anonymous,26%,40.2,899,Disabled,Failed
T000776,Z3,ae99bc,1,0.263,0.822,Linked,21%,37.0,364,Disabled,Valid
T000777,Z5,651fba,1,0.344,0.721,Anonymous,48%,30.5,196,Disabled,Valid
T000778,Z3,6986e0,1,0.254,0.793,Linked,18%,32.1,333,Enabled,Valid
T000779,Z5,1d80a7,1,0.365,0.596,Anonymous,55%,38.5,647,Disabled,Valid
T000780,Z5,c0c935,1,0.404,0.595,Linked,68%,41.4,327,Disabled,Failed
T000781,Z5,268abc,1,0.47,0.396,Linked,90%,28.8,520,Enabled,Valid
T000782,Z3,f572b7,1,0.287,0.648,Anonymous,29%,36.7,785,Enabled,Valid
T000783,Z2,feeebc,1,0.41,0.373,Linked,70%,32.1,1134,Enabled,Valid
T000784,Z3,0ba48d,1,0.431,0.452,Linked,77%,33.3,567,Enabled,Failed
T000785,Z4,0b3d35,1,0.398,0.596,Anonymous,66%,29.2,120,Enabled,Failed
T000786,Z1,782fcf,1,0.293,0.664,Anonymous,31%,33.5,905,Disabled,Valid
T000787,Z2,868d6b,1,0.383,0.55,Anonymous,61%,40.3,723,Disabled,Failed
T000788,Z3,83590f,1,0.401,0.464,Linked,67%,36.7,1005,Disabled,Valid
T000789,Z4,46cede,1,0.434,0.488,Linked,78%,32.0,358,Enabled,Failed
T000790,Z3,835c83,1,0.29,0.724,Anonymous,30%,27.4,629,Disabled,Failed
T000791,Z3,f41ec6,1,0.371,0.437,Linked,57%,30.9,1139,Enabled,Valid
T000792,Z1,a38858,1,0.359,0.497,Linked,53%,41.7,1192,Disabled,Failed
T000793,Z3,e9431f,1,0.428,0.557,Linked,76%,38.1,315,Disabled,Valid
T000794,Z2,16be29,1,0.392,0.577,Linked,64%,39.4,267,Enabled,Valid
T000795,Z2,6a3276,1,0.371,0.48,Anonymous,57%,37.2,924,Enabled,Failed
T000796,Z4,cd5977,1,0.416,0.449,Anonymous,72%,38.0,953,Disabled,Valid
T000797,Z5,53583b,1,0.425,0.507,Anonymous,75%,39.9,341,Enabled,Valid
T000798,Z4,e59b6f,1,0.461,0.45,Anonymous,87%,39.8,325,Enabled,Valid
T000799,Z3,8034ee,1,0.371,0.492,Linked,57%,31.6,866,Enabled,Valid
T000800,Z1,44930c,1,0.347,0.597,Anonymous,49%,40.3,541,Enabled,Failed
T000801,Z4,131a8e,1,0.245,0.728,Anonymous,15%,33.3,734,Enabled,Valid
T000802,Z3,0b37a3,1,0.422,0.376,Linked,74%,36.5,1021,Enabled,Failed
T000803,Z3,6e1779,1,0.38,0.611,Anonymous,60%,32.1,193,Enabled,Failed
T000804,Z3,d980eb,1,0.443,0.54,Linked,81%,36.7,274,Disabled,Failed
T000805,Z5,6d9097,1,0.422,0.561,Linked,74%,40.5,346,Disabled,Failed
T000806,Z2,0266c2,1,0.452,0.292,Linked,84%,33.7,1192,Enabled,Failed
T000807,Z5,41ca62,1,0.395,0.645,Linked,65%,29.7,149,Disabled,Valid
T000808,Z4,41b091,1,0.437,0.476,Linked,79%,29.5,394,Enabled,Valid
T000809,Z1,3c3bbe,1,0.251,0.712,Anonymous,17%,36.2,766,Enabled,Valid
T000810,Z1,5df282,1,0.284,0.707,Linked,28%,33.2,763,Disabled,Valid
T000811,Z1,e32883,1,0.419,0.358,Linked,73%,34.6,1133,Enabled,Failed
T000812,Z3,733b48,1,0.254,0.723,Anonymous,18%,34.3,934,Disabled,Valid
T000813,Z1,6cbcbf,1,0.344,0.507,Linked,48%,35.5,1013,Enabled,Failed
T000814,Z5,34b369,1,0.323,0.552,Anonymous,41%,35.1,967,Enabled,Failed
T000815,Z1,526288,1,0.23,0.683,Anonymous,10%,27.9,1087,Enabled,Valid
T000816,Z4,026991,1,0.29,0.751,Anonymous,30%,38.1,243,Enabled,Valid
T000817,Z1,c622fa,1,0.464,0.36,Anonymous,88%,34.6,751,Enabled,Failed
T000818,Z3,1c1676,1,0.353,0.487,Anonymous,51%,32.1,1041,Enabled,Valid
T000819,Z2,4a9613,1,0.296,0.57,Linked,32%,33.2,1101,Enabled,Valid
T000820,Z1,6656f7,1,0.275,0.701,Linked,25%,32.3,870,Disabled,Valid
T000821,Z4,7ec569,1,0.371,0.513,Linked,57%,41.0,1010,Disabled,Valid
T000822,Z1,7df023,1,0.464,0.4,Linked,88%,36.4,552,Enabled,Failed
T000823,Z3,a6bca5,0.877,0.23,0.718,Anonymous,10%,29.9,911,Enabled,Failed
T000824,Z5,0faf50,1,0.446,0.448,Linked,82%,37.1,459,Enabled,Failed
T000825,Z1,50fb04,1,0.302,0.801,Linked,34%,39.7,147,Disabled,Valid
T000826,Z5,aec7dc,1,0.248,0.768,Linked,16%,39.8,761,Disabled,Failed
T000827,Z4,6bcb82,1,0.368,0.682,Anonymous,56%,34.8,189,Disabled,Failed
T000828,Z1,8dc1bd,0.767,0.23,0.793,Anonymous,10%,32.9,785,Disabled,Failed
T000829,Z1,6e7278,1,0.305,0.628,Linked,35%,29.5,736,Enabled,Valid
T000830,Z1,1baea7,1,0.455,0.368,Anonymous,85%,39.0,784,Enabled,Valid
T000831,Z1,27acd9,1,0.356,0.573,Anonymous,52%,34.8,584,Enabled,Failed
T000832,Z5,41986c,1,0.26,0.816,Anonymous,20%,41.6,168,Enabled,Valid
T000833,Z1,ff4295,1,0.344,0.513,Anonymous,48%,36.2,984,Enabled,Valid
T000834,Z1,3811d1,1,0.383,0.507,Anonymous,61%,28.4,941,Disabled,Failed
T000835,Z5,551568,1,0.392,0.619,Anonymous,64%,40.2,307,Disabled,Failed
T000836,Z1,642581,1,0.269,0.787,Anonymous,23%,28.5,238,Enabled,Failed
T000837,Z2,eeafc8,1,0.389,0.483,Anonymous,63%,34.2,1010,Disabled,Valid
T000838,Z1,3f10b4,1,0.425,0.459,Anonymous,75%,41.4,832,Disabled,Failed
T000839,Z5,c524dc,1,0.461,0.394,Anonymous,87%,32.1,855,Disabled,Failed
T000840,Z2,927d08,1,0.362,0.628,Linked,54%,29.9,510,Disabled,Failed
T000841,Z1,2b5e99,1,0.458,0.413,Anonymous,86%,37.4,787,Disabled,Valid
T000842,Z3,4f1ba3,1,0.419,0.564,Anonymous,73%,30.3,107,Enabled,Valid
T000843,Z2,a06556,1,0.356,0.566,Linked,52%,39.1,869,Disabled,Valid
T000844,Z1,20e29c,1,0.239,0.857,Linked,13%,35.3,391,Disabled,Valid
T000845,Z5,6712cd,1,0.305,0.665,Linked,35%,31.3,548,Enabled,Valid
T000846,Z2,dd93ac,1,0.236,0.763,Linked,12%,29.6,636,Enabled,Valid
T000847,Z2,817d70,1,0.347,0.534,Anonymous,49%,33.8,857,Enabled,Valid
T000848,Z2,d8f3ac,1,0.284,0.737,Linked,28%,40.2,367,Enabled,Valid
T000849,Z5,5f565b,1,0.323,0.698,Anonymous,41%,40.8,487,Disabled,Valid
T000850,Z2,813d59,1,0.278,0.65,Linked,26%,39.8,1101,Disabled,Failed
T000851,Z4,f9cef5,1,0.425,0.393,Linked,75%,32.6,1162,Disabled,Valid
T000852,Z3,e825e8,1,0.332,0.745,Anonymous,44%,35.7,174,Disabled,Valid
T000853,Z2,b9ec2f,1,0.347,0.531,Anonymous,49%,33.4,872,Enabled,Valid
T000854,Z3,52ab82,1,0.341,0.551,Linked,47%,33.7,820,Enabled,Failed
T000855,Z4,36a20f,1,0.407,0.485,Anonymous,69%,33.5,852,Disabled,Failed
T000856,Z3,c36811,1,0.317,0.754,Linked,39%,31.0,255,Disabled,Failed
T000857,Z3,d78535,1,0.317,0.756,Linked,39%,28.5,246,Disabled,Valid
T000858,Z2,f8a6f0,1,0.344,0.628,Anonymous,48%,38.2,662,Disabled,Failed
T000859,Z2,42ad30,1,0.338,0.585,Linked,46%,39.3,927,Disabled,Failed
T000860,Z1,84942b,1,0.317,0.699,Linked,39%,30.4,529,Disabled,Valid
T000861,Z5,547358,1,0.26,0.803,Anonymous,20%,31.7,484,Disabled,Valid
T000862,Z4,6942da,1,0.371,0.593,Anonymous,57%,29.1,362,Enabled,Failed
T000863,Z1,fb3c7a,1,0.389,0.45,Anonymous,63%,33.4,926,Enabled,Failed
T000864,Z5,4df04b,1,0.281,0.66,Linked,27%,29.3,776,Enabled,Valid
T000865,Z5,2f6288,1,0.38,0.472,Anonymous,60%,28.0,891,Enabled,Failed
T000866,Z3,ad4b2b,1,0.293,0.702,Anonymous,31%,28.6,463,Enabled,Failed
T000867,Z5,1075de,1,0.254,0.682,Linked,18%,40.7,890,Enabled,Valid
T000868,Z3,9464c3,1,0.371,0.575,Anonymous,57%,34.8,451,Enabled,Failed
T000869,Z4,b9d52a,1,0.434,0.512,Linked,78%,33.3,240,Enabled,Failed
T000870,Z2,68400f,1,0.41,0.503,Anonymous,70%,29.4,735,Disabled,Valid
T000871,Z4,311a57,1,0.401,0.432,Linked,67%,28.0,917,Enabled,Failed
T000872,Z5,78940d,1,0.449,0.528,Anonymous,83%,27.6,286,Disabled,Failed
T000873,Z4,cc080f,1,0.389,0.438,Anonymous,63%,30.7,984,Enabled,Valid
T000874,Z2,e07b2b,1,0.32,0.665,Anonymous,40%,40.3,423,Enabled,Failed
T000875,Z5,43f5ab,1,0.386,0.62,Linked,62%,41.9,348,Disabled,Valid
T000876,Z1,d48aae,1,0.293,0.618,Anonymous,31%,30.8,1136,Disabled,Valid
T000877,Z1,07c28a,1,0.302,0.806,Anonymous,34%,33.0,121,Disabled,Valid
T000878,Z2,eb56d9,1,0.254,0.791,Anonymous,18%,28.2,596,Disabled,Failed
T000879,Z2,9ad83b,1,0.236,0.798,Linked,12%,36.1,462,Enabled,Valid
T000880,Z4,504225,1,0.287,0.762,Linked,29%,33.6,464,Disabled,Valid
T000881,Z5,881164,1,0.377,0.453,Linked,59%,37.4,1009,Enabled,Failed
T000882,Z1,12825c,1,0.32,0.774,Linked,40%,30.0,132,Disabled,Valid
T000883,Z1,612455,1,0.266,0.751,Linked,22%,39.0,443,Enabled,Valid
T000884,Z4,f013b4,1,0.443,0.49,Anonymous,81%,36.4,524,Disabled,Valid
T000885,Z4,d3e9bc,1,0.365,0.649,Linked,55%,31.9,130,Enabled,Failed
T000886,Z1,0624b2,1,0.254,0.726,Anonymous,18%,36.9,670,Enabled,Valid
T000887,Z1,07b41b,1,0.458,0.508,Anonymous,86%,34.5,308,Disabled,Failed
T000888,Z5,8606c6,1,0.47,0.476,Linked,90%,37.4,372,Disabled,Valid
T000889,Z3,ec0654,1,0.461,0.311,Anonymous,87%,40.7,1019,Enabled,Failed
T000890,Z2,b2276f,1,0.464,0.439,Linked,88%,38.4,354,Enabled,Valid
T000891,Z4,08c7d6,1,0.371,0.562,Linked,57%,34.5,513,Enabled,Valid
T000892,Z1,b8e35c,1,0.335,0.689,Anonymous,45%,31.8,181,Enabled,Failed
T000893,Z4,e2e17a,1,0.359,0.693,Linked,53%,30.6,210,Disabled,Failed
T000894,Z2,687ab4,1,0.398,0.574,Anonymous,66%,36.4,232,Enabled,Valid
T000895,Z2,5724cf,1,0.263,0.741,Linked,21%,29.6,518,Enabled,Valid
T000896,Z4,026152,1,0.323,0.623,Linked,41%,33.4,609,Enabled,Valid
T000897,Z4,bc453c,1,0.368,0.581,Anonymous,56%,33.0,443,Enabled,Valid
T000898,Z5,45567d,1,0.236,0.745,Linked,12%,38.4,975,Disabled,Valid
T000899,Z3,286357,1,0.326,0.595,Linked,42%,32.7,726,Enabled,Valid
T000900,Z5,913354,1,0.281,0.765,Linked,27%,37.7,500,Disabled,Failed
T000901,Z1,6a15cb,1,0.383,0.513,Anonymous,61%,40.9,908,Disabled,Valid
T000902,Z4,0c00b5,1,0.275,0.739,Anonymous,25%,32.8,432,Enabled,Failed
T000903,Z3,1a25ee,1,0.251,0.721,Anonymous,17%,36.8,968,Disabled,Valid
T000904,Z4,76d9db,1,0.329,0.655,Linked,43%,36.1,401,Enabled,Valid
T000905,Z5,37b819,1,0.377,0.602,Linked,59%,33.0,264,Enabled,Failed
T000906,Z4,8daeb1,1,0.422,0.453,Anonymous,74%,41.5,883,Disabled,Valid
T000907,Z4,318334,1,0.332,0.547,Anonymous,44%,38.2,915,Enabled,Valid
T000908,Z2,157682,1,0.389,0.497,Linked,63%,34.9,690,Enabled,Valid
T000909,Z2,50acac,1,0.416,0.525,Linked,72%,29.7,325,Enabled,Failed
T000910,Z2,392fa7,1,0.302,0.593,Linked,34%,30.9,937,Enabled,Failed
T000911,Z5,7e6a3e,1,0.26,0.767,Linked,20%,32.7,666,Disabled,Valid
T000912,Z5,a783eb,1,0.233,0.872,Anonymous,11%,27.9,114,Enabled,Valid
T000913,Z1,ba1ef0,1,0.461,0.436,Linked,87%,34.8,644,Disabled,Failed
T000914,Z3,e97875,1,0.359,0.617,Anonymous,53%,42.0,590,Disabled,Failed
T000915,Z4,154647,1,0.266,0.706,Anonymous,22%,27.0,922,Disabled,Failed
T000916,Z2,46ba18,1,0.371,0.45,Anonymous,57%,33.8,1073,Enabled,Valid
T000917,Z2,9ff83f,1,0.245,0.772,Linked,15%,41.5,766,Disabled,Valid
T000918,Z5,c37b74,1,0.392,0.465,Linked,64%,41.1,1075,Disabled,Failed
T000919,Z1,98c4d4,1,0.428,0.343,Linked,76%,40.1,1133,Enabled,Valid
T000920,Z1,03d8c6,1,0.401,0.398,Anonymous,67%,41.3,1087,Enabled,Failed
T000921,Z2,7a8c1b,1,0.395,0.593,Linked,65%,41.9,159,Enabled,Failed
T000922,Z3,e2dbb4,1,0.41,0.58,Linked,70%,41.3,352,Disabled,Valid
T000923,Z5,d04082,1,0.449,0.489,Anonymous,83%,38.5,232,Enabled,Valid
T000924,Z4,5f67f1,1,0.329,0.679,Linked,43%,28.7,279,Enabled,Valid
T000925,Z5,d25dcf,1,0.35,0.679,Anonymous,50%,41.3,103,Enabled,Valid
T000926,Z5,111d86,1,0.368,0.648,Anonymous,56%,39.0,358,Disabled,Failed
T000927,Z5,74bf9f,1,0.434,0.411,Anonymous,78%,39.8,747,Enabled,Failed
T000928,Z3,3b305d,1,0.458,0.486,Anonymous,86%,31.3,170,Enabled,Valid
T000929,Z5,7e2317,1,0.419,0.411,Anonymous,73%,31.4,871,Enabled,Failed
T000930,Z3,7a36d8,1,0.296,0.61,Linked,32%,39.9,902,Enabled,Failed
T000931,Z2,54bbf1,1,0.392,0.517,Anonymous,64%,37.2,813,Disabled,Valid
T000932,Z1,fd4c06,1,0.44,0.476,Anonymous,80%,32.9,368,Enabled,Failed
T000933,Z5,8ec72f,1,0.449,0.317,Anonymous,83%,29.1,1088,Enabled,Failed
T000934,Z2,1dc9a1,1,0.449,0.505,Linked,83%,28.5,402,Disabled,Failed
T000935,Z4,ca8ca3,1,0.41,0.609,Linked,70%,29.7,207,Disabled,Failed
T000936,Z3,7337f5,1,0.323,0.676,Linked,41%,27.5,593,Disabled,Valid
T000937,Z5,d42a3c,1,0.374,0.508,Linked,58%,31.1,1011,Disabled,Valid
T000938,Z1,205cf4,1,0.236,0.674,Anonymous,12%,35.8,1082,Enabled,Failed
T000939,Z1,a8c2f2,1,0.395,0.604,Anonymous,65%,31.5,356,Disabled,Valid
T000940,Z5,855f73,1,0.443,0.358,Linked,81%,39.3,1185,Disabled,Valid
T000941,Z5,3c2ed3,1,0.299,0.691,Linked,33%,39.9,468,Enabled,Valid
T000942,Z3,9329a9,1,0.29,0.675,Linked,30%,28.3,625,Enabled,Failed
T000943,Z1,2a6f40,1,0.437,0.585,Anonymous,79%,29.6,100,Disabled,Valid
T000944,Z5,472f84,1,0.449,0.387,Anonymous,83%,34.4,740,Enabled,Failed
T000945,Z3,784861,1,0.245,0.778,Linked,15%,30.6,485,Enabled,Valid
T000946,Z2,50599a,1,0.278,0.677,Anonymous,26%,37.9,964,Disabled,Valid
T000947,Z3,b186ff,1,0.26,0.706,Anonymous,20%,41.2,971,Disabled,Valid
T000948,Z2,9d75de,1,0.446,0.361,Linked,82%,36.9,1147,Disabled,Valid
T000949,Z2,c861e2,1,0.461,0.384,Anonymous,87%,30.7,653,Enabled,Failed
T000950,Z5,7c7911,1,0.368,0.538,Anonymous,56%,40.6,659,Enabled,Failed
T000951,Z2,3bcbd7,1,0.314,0.747,Linked,38%,32.7,315,Disabled,Failed
T000952,Z2,4bdd72,1,0.431,0.43,Anonymous,77%,32.2,677,Enabled,Valid
T000953,Z1,7741b0,1,0.299,0.597,Anonymous,33%,32.2,1188,Disabled,Valid
T000954,Z4,db4271,1,0.425,0.503,Anonymous,75%,37.7,358,Enabled,Valid
T000955,Z3,644417,1,0.404,0.495,Linked,68%,29.7,824,Disabled,Valid
T000956,Z3,28c4a7,1,0.263,0.709,Linked,21%,41.2,932,Disabled,Valid
T000957,Z1,e3523c,1,0.293,0.74,Linked,31%,35.6,273,Enabled,Valid
T000958,Z4,d6566d,1,0.419,0.397,Linked,73%,34.7,1190,Disabled,Valid
T000959,Z1,01f626,1,0.434,0.49,Linked,78%,38.2,600,Disabled,Failed
T000960,Z5,46d562,1,0.431,0.473,Anonymous,77%,40.6,458,Enabled,Valid
T000961,Z2,469852,1,0.419,0.462,Linked,73%,32.7,864,Disabled,Valid
T000962,Z2,6921d8,1,0.413,0.538,Anonymous,71%,31.4,536,Disabled,Failed
T000963,Z5,2142be,1,0.407,0.385,Anonymous,69%,40.4,1099,Enabled,Valid
T000964,Z5,e2f83b,1,0.269,0.789,Anonymous,23%,27.1,481,Disabled,Valid
T000965,Z1,b1a7e0,1,0.431,0.482,Linked,77%,34.7,414,Enabled,Valid
T000966,Z4,aab41d,1,0.41,0.458,Anonymous,70%,32.9,712,Enabled,Valid
T000967,Z2,d2732c,1,0.398,0.505,Linked,66%,29.4,824,Disabled,Valid
T000968,Z3,41c6f5,1,0.245,0.733,Linked,15%,29.0,962,Disabled,Valid
T000969,Z1,a9c48c,1,0.275,0.652,Anonymous,25%,33.3,1114,Disabled,Failed
T000970,Z2,f2b42c,1,0.272,0.801,Anonymous,24%,41.4,143,Enabled,Valid
T000971,Z5,3bd848,1,0.392,0.657,Linked,64%,41.6,116,Disabled,Valid
T000972,Z3,a835ff,1,0.467,0.276,Anonymous,89%,29.3,1147,Enabled,Valid
T000973,Z1,0823f1,1,0.41,0.538,Anonymous,70%,37.6,311,Enabled,Failed
T000974,Z5,ea8b0a,1,0.275,0.789,Linked,25%,29.0,178,Enabled,Failed
T000975,Z2,70e317,1,0.248,0.635,Linked,16%,32.7,1175,Enabled,Failed
T000976,Z2,ffd34f,1,0.251,0.874,Anonymous,17%,34.6,205,Disabled,Valid
T000977,Z3,55be00,1,0.35,0.606,Anonymous,50%,40.4,472,Enabled,Valid
T000978,Z3,e27759,1,0.461,0.469,Anonymous,87%,28.5,478,Disabled,Failed
T000979,Z3,4737cc,1,0.233,0.822,Linked,11%,37.2,366,Enabled,Valid
T000980,Z3,850704,1,0.335,0.548,Anonymous,45%,30.2,886,Enabled,Failed
T000981,Z2,2502cb,1,0.302,0.72,Linked,34%,37.6,302,Enabled,Failed
T000982,Z5,c4f6fc,1,0.434,0.522,Anonymous,78%,37.8,189,Enabled,Valid
T000983,Z5,af3892,1,0.47,0.351,Anonymous,90%,37.8,993,Disabled,Failed
T000984,Z5,a70cde,1,0.278,0.825,Linked,26%,31.3,224,Disabled,Failed
T000985,Z2,2632ff,1,0.398,0.443,Linked,66%,38.3,886,Enabled,Failed
T000986,Z4,4e1fdb,1,0.23,0.791,Linked,10%,29.4,546,Enabled,Valid
T000987,Z5,62d9dc,1,0.314,0.68,Anonymous,38%,31.4,649,Disabled,Valid
T000988,Z2,20d3ae,1,0.245,0.791,Linked,15%,36.6,668,Disabled,Valid
T000989,Z1,51b1ee,1,0.362,0.509,Linked,54%,36.5,855,Enabled,Valid
T000990,Z5,447c63,1,0.353,0.721,Anonymous,51%,41.8,121,Disabled,Valid
T000991,Z3,b8ed4f,1,0.374,0.535,Linked,58%,41.2,627,Enabled,Failed
T000992,Z5,402e74,1,0.353,0.513,Anonymous,51%,31.0,909,Enabled,Valid
T000993,Z4,f84ee9,1,0.419,0.489,Anonymous,73%,29.7,478,Enabled,Failed
T000994,Z2,9c9fab,1,0.236,0.847,Linked,12%,31.7,463,Disabled,Valid
T000995,Z5,bbd210,1,0.392,0.445,Linked,64%,30.7,924,Enabled,Failed
T000996,Z2,2ed438,1,0.236,0.915,Anonymous,12%,28.7,127,Disabled,Valid
T000997,Z1,477454,1,0.284,0.835,Linked,28%,41.1,127,Disabled,Failed
T000998,Z1,4c4cdc,1,0.281,0.613,Linked,27%,34.2,1009,Enabled,Valid
T000999,Z3,4dc30e,1,0.437,0.485,Linked,79%,37.4,352,Enabled,Failed
